product_name,product_image,payback_points,product_link,payback_condition,product_quantity,tag_label,price,product_information,store_address,store,category,date
Bio Topfkräuter „Basilikum“,https://offer-images.api.edeka/ad9faff4-0444-4d5c-b38a-1d5dc7a876c2_80728526-BIO_UHB_BASILIK.I.T.12CM_DE-BW.png?imwidth=3840&imdensity=1,,,,"aus Deutschland, Topf",,1.79,,"Kurfürstenanlage 21-23, 69115 Heidelberg",EDEKA,OBST & GEMÜSE,2023-07-08
SanLucar Romatomaten „Topf“,https://offer-images.api.edeka/b0959fa6-a66a-4fe2-abb6-8c74f604af68_Schlemmer_Tomaten_650g_flowpack_DEU.png?imwidth=3840&imdensity=1,,,,"aus Deutschland, Klasse I, 650-g-Schale",,2.77,,"Kurfürstenanlage 21-23, 69115 Heidelberg",EDEKA,OBST & GEMÜSE,2023-07-08
Unsere Heimat – echt & gut Bio Mini Pflaumentomaten,https://offer-images.api.edeka/ff3a83a0-027c-465c-9e83-1ef322ec1a55_80551443-BIO_UHB_M.RO.TOM.DE-BW_II_200G-A.png?imwidth=3840&imdensity=1,,,,"aus Deutschland, Klasse II, 200-g-Schale",,2.99,,"Kurfürstenanlage 21-23, 69115 Heidelberg",EDEKA,OBST & GEMÜSE,2023-07-08
Cherry-Rispentomaten „Juanita“,https://offer-images.api.edeka/a9ba8433-4401-4fd5-9eff-1be38e0d669f_80468749-CHERRY_RISPENTOM._NL_I_400G_KB-C.png?imwidth=3840&imdensity=1,,,,"aus den Niederlanden, Klasse I, 300-g-Körbchen",,1.99,,"Kurfürstenanlage 21-23, 69115 Heidelberg",EDEKA,OBST & GEMÜSE,2023-07-08
SanLucar Rispentomaten „Caprese“,https://offer-images.api.edeka/800bce24-32f5-40c1-a033-2c4fdab8f6e5_Caprese_Tomaten_650g_Flowpack_DEU.png?imwidth=3840&imdensity=1,,,,"aus Deutschland, Klasse I, 650-g-Schale",,2.77,,"Kurfürstenanlage 21-23, 69115 Heidelberg",EDEKA,OBST & GEMÜSE,2023-07-08
Melonen „Charentais“,https://offer-images.api.edeka/04a45ee0-bdb1-493e-a1f1-358444661349_melone_charentais_scheck.png?imwidth=3840&imdensity=1,,,,"aus Frankreich, Klasse I, Stück",,4.99,,"Kurfürstenanlage 21-23, 69115 Heidelberg",EDEKA,OBST & GEMÜSE,2023-07-08
Melonen „Limetten sweet“,https://offer-images.api.edeka/ed75361e-af0f-4f6f-87f4-8143fb3e1d60_Limelon_Melone.png?imwidth=3840&imdensity=1,,,,"aus Spanien, Klasse I, Stück",,4.99,,"Kurfürstenanlage 21-23, 69115 Heidelberg",EDEKA,OBST & GEMÜSE,2023-07-08
Melonen „Sugar Baby gold“,https://offer-images.api.edeka/7015c617-3266-4966-9732-886418571e11_4311527636433_DET.tif.png?imwidth=3840&imdensity=1,,,,"aus Spanien, Klasse I, Stück",,3.99,,"Kurfürstenanlage 21-23, 69115 Heidelberg",EDEKA,OBST & GEMÜSE,2023-07-08
Bio Avocado,https://offer-images.api.edeka/65266166-f0a3-447c-afcd-90a20de3bdd4_AdobeStock_51029296.png?imwidth=3840&imdensity=1,,,,"aus Peru oder Chile, Klasse II, Stück",SUPERKNÜLLER,1.99,,"Kurfürstenanlage 21-23, 69115 Heidelberg",EDEKA,OBST & GEMÜSE,2023-07-08
Bio idene Bananen,https://offer-images.api.edeka/5efd898b-9879-4621-a961-b3ab096897a1_Demeter_Banane_gespiegelt.png?imwidth=3840&imdensity=1,,,,"die ideale Zwischenmahlzeit, 1 kg",,2.22,,"Kurfürstenanlage 21-23, 69115 Heidelberg",EDEKA,OBST & GEMÜSE,2023-07-08
Kirschen,https://offer-images.api.edeka/d3deeffe-d5bf-4b55-a80e-becb94ae5d40_Kirsche_lose.png?imwidth=3840&imdensity=1,,,,"aus Deutschland, Klasse I, 100 g",SUPERKNÜLLER,0.79,,"Kurfürstenanlage 21-23, 69115 Heidelberg",EDEKA,OBST & GEMÜSE,2023-07-08
Himbeeren,https://offer-images.api.edeka/7abae9c3-4fbe-4b1c-9918-d919430f83a4_Himbeeren_3b_PL.png?imwidth=3840&imdensity=1,,,,"aus Deutschland, Klasse I, 250-g-Schale",,3.99,,"Kurfürstenanlage 21-23, 69115 Heidelberg",EDEKA,OBST & GEMÜSE,2023-07-08
EDEKA Nektarinen oder Pfirsiche,https://offer-images.api.edeka/24cb71cb-12b4-48bc-9bd7-ca9362f85d8f_KW19_Nektarinen_2_PL.png?imwidth=3840&imdensity=1,,,,"gelbfleischig, aus Spanien oder Italien, Klasse I, 1 kg",,1.99,,"Kurfürstenanlage 21-23, 69115 Heidelberg",EDEKA,OBST & GEMÜSE,2023-07-08
True fruits Smoothie,https://offer-images.api.edeka/90d521fc-bf79-42ba-9bc4-7135dd6331b7_4260122390373_VOR.tif.png?imwidth=3840&imdensity=1,,,,"verschiedene Sorten, 750-ml-Flasche
 
• In der Kühlung erhältlich",,3.33,,"Kurfürstenanlage 21-23, 69115 Heidelberg",EDEKA,OBST & GEMÜSE,2023-07-08
Plattpfirsiche „Paraguayos“,https://offer-images.api.edeka/c55369b6-8387-4585-8ff1-4d0d1358bdd0_4311527800544_OUG.tif.png?imwidth=3840&imdensity=1,,,,"weissfleischig, aus Spanien, Klasse I, 500-g-Packung",,1.00,,"Kurfürstenanlage 21-23, 69115 Heidelberg",EDEKA,OBST & GEMÜSE,2023-07-08
Paprika,https://offer-images.api.edeka/f51e4b12-6c39-407e-bb8c-73b746c3ed82_Paprika_Mix_1_PL.png?imwidth=3840&imdensity=1,,,,"verschiedene Sorten, aus Deutschland oder Belgien, Klasse I, 1 kg",,4.99,,"Kurfürstenanlage 21-23, 69115 Heidelberg",EDEKA,OBST & GEMÜSE,2023-07-08
Unsere Heimat – echt & gut Bio Shii Take,https://offer-images.api.edeka/5f7c80ff-ee77-466b-aa07-7fc1acf6581b_80631011-BIO_UHB_SHIITAKE_2_DE-HE_150G-A.png?imwidth=3840&imdensity=1,,,,"oder Kräuterseitlinge, aus Deutschland, 150-g-Schale",,2.99,,"Kurfürstenanlage 21-23, 69115 Heidelberg",EDEKA,OBST & GEMÜSE,2023-07-08
Mini Rispentomaten,https://offer-images.api.edeka/3c2a25e8-9433-4804-bb59-bcd128f9d7de_80120290-EDK_MINI_RISP.TOM.NL_I_400G_SF-A.png?imwidth=3840&imdensity=1,,,,"aus den Niederlanden oder Belgien, Klasse I, 400-g-Schale",SUPERKNÜLLER,1.00,,"Kurfürstenanlage 21-23, 69115 Heidelberg",EDEKA,OBST & GEMÜSE,2023-07-08
Süßkartoffeln,https://offer-images.api.edeka/d63e667f-fd4b-408a-a4e0-7f56e206666a_Fotolia_48495597_XXL_PLUS.png?imwidth=3840&imdensity=1,,,,"aus Ägypten, 1 kg",,2.99,,"Kurfürstenanlage 21-23, 69115 Heidelberg",EDEKA,OBST & GEMÜSE,2023-07-08
Zuckermais,https://offer-images.api.edeka/21b97bd9-7bc9-4bcf-8086-71b25a3676ce_Maiskolben_iq.png?imwidth=3840&imdensity=1,,,,"frisch, vorgegart, aus Spanien, 2 Stück, Packung",,2.99,,"Kurfürstenanlage 21-23, 69115 Heidelberg",EDEKA,OBST & GEMÜSE,2023-07-08
Edeka deli Snackschale „Caesar“,https://offer-images.api.edeka/4bd1e264-01ec-4537-9de5-dc9b1ac1b1d5_4311532063552_PER.png?imwidth=3840&imdensity=1,,,,280-g-Schale,,2.99,,"Kurfürstenanlage 21-23, 69115 Heidelberg",EDEKA,OBST & GEMÜSE,2023-07-08
Donnerstag bis Samstag: Pfifferlinge frisch,https://offer-images.api.edeka/3fd502e4-6330-49b1-8aa7-0ac578bc9b82_Fotolia_33384882_XXL_PLUS.png?imwidth=3840&imdensity=1,,,,"aus Serbien, 100 g",SUPERKNÜLLER,0.99,,"Kurfürstenanlage 21-23, 69115 Heidelberg",EDEKA,OBST & GEMÜSE,2023-07-08
Donnerstag bis Samstag: EDEKA Zwiebeln,https://offer-images.api.edeka/8cbfeae3-2596-48a3-8546-f21d108e3d29_4311527156382_VOR.tif.png?imwidth=3840&imdensity=1,,,,"aus Neuseeland, Klasse I, 1-kg-Netz",,2.22,,"Kurfürstenanlage 21-23, 69115 Heidelberg",EDEKA,OBST & GEMÜSE,2023-07-08
Donnerstag bis Samstag: Kopfsalat,https://offer-images.api.edeka/8bc6c87a-c1f1-46bd-ba25-e27e493e313a_KW19_Kopfsalat_1_PL.png?imwidth=3840&imdensity=1,,,,"aus Deutschland, Klasse I, Stück",SUPERKNÜLLER,0.79,,"Kurfürstenanlage 21-23, 69115 Heidelberg",EDEKA,OBST & GEMÜSE,2023-07-08
Donnerstag bis Samstag: Gut & Günstig Gurken,https://offer-images.api.edeka/7499fdbb-a736-4877-aed5-d4bc73020f98_028_iq.png?imwidth=3840&imdensity=1,,,,"aus Spanien oder den Niederlanden, Klasse I, Stück",SUPERKNÜLLER,0.39,,"Kurfürstenanlage 21-23, 69115 Heidelberg",EDEKA,OBST & GEMÜSE,2023-07-08
Donnerstag bis Samstag: SanLucar Zitronen,https://offer-images.api.edeka/ac26bada-fb41-4f58-b9cf-797cd0b4fcdd_Girsack_Zitronen_Nemo.png?imwidth=3840&imdensity=1,,,,"aus Spanien, Klasse I, 500-g-Netz
 
• Schale zum Verzehr geeignet",SUPERKNÜLLER,1.99,,"Kurfürstenanlage 21-23, 69115 Heidelberg",EDEKA,OBST & GEMÜSE,2023-07-08
Gut & Günstig Möhren,https://offer-images.api.edeka/50b642c1-070b-4cac-8d14-58ff74545a55_80245328-GG_MOEHREN_DE_I_2KG_BT-A_retusche.png?imwidth=3840&imdensity=1,,,,"aus Deutschland, Klasse I, 2-kg-XXL-Beutel",,2.22,,"Kurfürstenanlage 21-23, 69115 Heidelberg",EDEKA,OBST & GEMÜSE,2023-07-08
,,,,,,,,,"Kurfürstenanlage 21-23, 69115 Heidelberg",EDEKA,OBST & GEMÜSE,2023-07-08
Müller Froop,https://offer-images.api.edeka/7074f7d8-b91a-421e-bc3d-6ca5b7805697_Froop_-_Himbeere_auf_Joghurt.png?imwidth=3840&imdensity=1,,,,"verschiedene Sorten, 150-g-Becher",SUPERKNÜLLER,0.33,,"Kurfürstenanlage 21-23, 69115 Heidelberg",EDEKA,MOLKEREI & KÄSE,2023-07-08
Salakis,https://offer-images.api.edeka/530fb02c-ef7f-4013-90bc-bf2415bd0424_3023260033424_VOR.tif.png?imwidth=3840&imdensity=1,,,,"verschiedene Sorten, z. B. Natur, 48% Vollfettstufe, 180 g, Packung",,1.59,,"Kurfürstenanlage 21-23, 69115 Heidelberg",EDEKA,MOLKEREI & KÄSE,2023-07-08
Géramont Der Cremige,https://offer-images.api.edeka/3fda52b4-a382-4eec-b080-0fe1ba8d3a5c_148929003_GERAMONT_NATUR_60PROZENT_DS_CA_1_8KG.png?imwidth=3840&imdensity=1,,,,"mind. 60% Fett i. Tr. oder Der Frische, mind. 64% Fett i. Tr., französischer Weichkäse aus Kuhmilch, mild, sahnig, 100 g",SUPERKNÜLLER,1.69,,"Kurfürstenanlage 21-23, 69115 Heidelberg",EDEKA,MOLKEREI & KÄSE,2023-07-08
Saint Albray,https://offer-images.api.edeka/eaa0e488-08c1-4b12-a929-62d775aefc27_3222110010695_VOR.tif.png?imwidth=3840&imdensity=1,,,,"vollmundig & würzig, mind. 62% Fett i. Tr., 6 x 30-g-Packung",,2.22,,"Kurfürstenanlage 21-23, 69115 Heidelberg",EDEKA,MOLKEREI & KÄSE,2023-07-08
Chavroux milder Ziegenkäse,https://offer-images.api.edeka/5bb4ca6b-07d3-4a3f-9d15-3a76e49de52d_3272770003148_VOR.tif.png?imwidth=3840&imdensity=1,,,,"mind. 45% Fett i. Tr., 150-g-Packung",,2.22,,"Kurfürstenanlage 21-23, 69115 Heidelberg",EDEKA,MOLKEREI & KÄSE,2023-07-08
Kerrygold Original irischer Cheddar herzhaft,https://offer-images.api.edeka/79b5a645-f080-4002-a934-5f89abf638cc_5410396152934_VOR.tif.png?imwidth=3840&imdensity=1,,,,"mind. 50% Fett i. Tr. und weitere Sorten, 150-g-Packung",,1.49,,"Kurfürstenanlage 21-23, 69115 Heidelberg",EDEKA,MOLKEREI & KÄSE,2023-07-08
Brunch Brotaufstrich,https://offer-images.api.edeka/93bf5035-d569-484d-8847-e02e584fba46_01_LAY_22_105_3D_Brunch_Kraeuter.png?imwidth=3840&imdensity=1,,,,"verschiedene Sorten, 185-g-Becher",,1.19,,"Kurfürstenanlage 21-23, 69115 Heidelberg",EDEKA,MOLKEREI & KÄSE,2023-07-08
Kraxler-Käse,https://offer-images.api.edeka/68f1f479-19a0-44f2-b9c3-afb66341dece_22282945_DUMMYARTIKEL_KRAXLERKAESE.png?imwidth=3840&imdensity=1,,,,"mind. 50 % Fett, i. Tr., österreichischer Schnittkäse, mind. 4 Monate gereift, Oberfläche mit Rotschmierkulturen gepflegt, würzig, kompakt, 100 g",,1.69,,"Kurfürstenanlage 21-23, 69115 Heidelberg",EDEKA,MOLKEREI & KÄSE,2023-07-08
Ossau Iraty AOP,https://offer-images.api.edeka/6d7ee704-1303-4bf2-989a-9b4ce5fbbf51_122502_28.png?imwidth=3840&imdensity=1,,,,"mind. 50% Fett i. Tr., französischer Schnittkäse aus Schafsmilch, aromatisch, nussig, 100 g",,3.29,,"Kurfürstenanlage 21-23, 69115 Heidelberg",EDEKA,MOLKEREI & KÄSE,2023-07-08
Kaltbach cremig-würzig,https://offer-images.api.edeka/f8bbc9e4-da90-41e9-a9e1-1ccd1a642880_2813189_FC_CH_KALTBACH_CREMIG_WUERZIG_4.2KG.png?imwidth=3840&imdensity=1,,,,"Schweizer Schnittkäse, mind. 56% Fett i. Tr., würzig, leicht fruchtig, 4 Monate gereift, 100 g",,2.99,,"Kurfürstenanlage 21-23, 69115 Heidelberg",EDEKA,MOLKEREI & KÄSE,2023-07-08
Fiorella di Tomino Torte,https://offer-images.api.edeka/c9811390-9859-4ee4-8c84-9b99fcc6cc1f_122110_80.png?imwidth=3840&imdensity=1,,,,"deutscher Weichkäse, mind. 68% Fett i. Tr., frisch säuerlich, leicht würzig, cremig, mit Weißschimmel überwachsen, 100 g",,2.49,,"Kurfürstenanlage 21-23, 69115 Heidelberg",EDEKA,MOLKEREI & KÄSE,2023-07-08
Sommelier Nr.1,https://offer-images.api.edeka/58c1970f-ffdc-450a-8c6f-116ce7a82ce8_Sommelier_No.1.png?imwidth=3840&imdensity=1,,,,"mind. 55% Fett i. Tr., Schweizer Hartkäse, aus Rohmilch, kräftig würzig im Geschmack, 100 g",,1.99,,"Kurfürstenanlage 21-23, 69115 Heidelberg",EDEKA,MOLKEREI & KÄSE,2023-07-08
Vacherin des Bauges,https://offer-images.api.edeka/a40644a3-33d4-4de2-9bfa-5deeca724d4d_Vacherin_des_Bauges_Kopie.png?imwidth=3840&imdensity=1,,,,"mind. 50% Fett i. Tr., französischer Weichkäse aus dem Savoyen, mit Rohmilch hergestellt, im Fichtenrindenmantel gereift, 100 g",,3.29,,"Kurfürstenanlage 21-23, 69115 Heidelberg",EDEKA,MOLKEREI & KÄSE,2023-07-08
Bleu de Basques,https://offer-images.api.edeka/52d62102-4f7e-4eae-a489-d287655da387_2023-06-16_11_49_19-bilder_bleu_de_basques_-_Bing_images_und_1_weitere_Seite_-_Profil_1_Microsoft_.png?imwidth=3840&imdensity=1,,,,"französischer Blauschimmelkäse, mind. 45% Fett i. Tr., Schafsmilch, aus den Pyrenären, würzig im Geschmack, 100 g",,3.29,,"Kurfürstenanlage 21-23, 69115 Heidelberg",EDEKA,MOLKEREI & KÄSE,2023-07-08
Montagnolo Mohn,https://offer-images.api.edeka/8709dcf7-d92a-4868-b54a-43d44f1a2292_Limoncino_Mohn.png?imwidth=3840&imdensity=1,,,,"mind. 70% Fett i. Tr., deutscher Edelpilzkäse, mit Limonen-Marmelade, Limoncello-Likör 26% Vol. und Blaumohn veredelt, 100 g",,4.29,,"Kurfürstenanlage 21-23, 69115 Heidelberg",EDEKA,MOLKEREI & KÄSE,2023-07-08
Orangen Pfeffercreme,https://offer-images.api.edeka/5a762351-ce5b-4f0f-98f0-6a1523ab14c3_Orange-Pfeffer-Creme.png?imwidth=3840&imdensity=1,,,,"deutscher Frischkäse, mind. 70% Fett i. Tr., mit frischen Orangen und Pfefferkörnern verfeinert, 100 g",,1.69,,"Kurfürstenanlage 21-23, 69115 Heidelberg",EDEKA,MOLKEREI & KÄSE,2023-07-08
EDEKA Mehrkornbaguette Gartenkräuter,https://offer-images.api.edeka/86075c5b-e2d8-43b7-903b-eedb21c7616a_4311501015674_PER.png?imwidth=3840&imdensity=1,,,,175-g-Packung,,0.99,,"Kurfürstenanlage 21-23, 69115 Heidelberg",EDEKA,MOLKEREI & KÄSE,2023-07-08
Zott Zottarella,https://offer-images.api.edeka/83d34077-ae02-4756-9900-0bd167c1ac1c_221223-2_Zottarella_Classic_250g_Pizza1-Mockup.png?imwidth=3840&imdensity=1,,,,"mind. 45% Fett i. Tr., Abtropfgewicht 250 g, 400-g-Packung",,1.99,,"Kurfürstenanlage 21-23, 69115 Heidelberg",EDEKA,MOLKEREI & KÄSE,2023-07-08
Mozzarella di Bufala,https://offer-images.api.edeka/afc0fc4b-fc8d-4870-baf4-43f2f0821beb_122477_48.png?imwidth=3840&imdensity=1,,,,"italienische Pasta Filata, mind. 52% Fett i. Tr., aus Büffelmilch, frisch, milchig, leicht säuerlich, 100 g",,2.49,,"Kurfürstenanlage 21-23, 69115 Heidelberg",EDEKA,MOLKEREI & KÄSE,2023-07-08
Apostels Zaziki,https://offer-images.api.edeka/7a2874eb-b85a-4607-8099-8abeccf2498e_175135008-APOSTELS_ZAZIKI_200G.png?imwidth=3840&imdensity=1,,,,200-g-Becher,,0.99,,"Kurfürstenanlage 21-23, 69115 Heidelberg",EDEKA,MOLKEREI & KÄSE,2023-07-08
Weideglück Landjoghurt mild,https://offer-images.api.edeka/c8505008-7d50-447a-82d7-0115df34c5e5_4028900004641_VOR.tif.png?imwidth=3840&imdensity=1,,,,"3,5% Fett, 1-kg-Eimer",,1.99,,"Kurfürstenanlage 21-23, 69115 Heidelberg",EDEKA,MOLKEREI & KÄSE,2023-07-08
Ehrmann High Protein Mousse Schokolade,https://offer-images.api.edeka/30896580-04a8-4759-b60c-ffb073da6819_4002971283808.png?imwidth=3840&imdensity=1,,,,"oder Vanille, 200-g-Becher",SUPERKNÜLLER,1.29,,"Kurfürstenanlage 21-23, 69115 Heidelberg",EDEKA,MOLKEREI & KÄSE,2023-07-08
Meggle Kräuterbutter Original Portionen,https://offer-images.api.edeka/33d87c09-f6ad-4c8f-ae7e-a9e48ed1f5dd_147284004-MEG.KRAEUTERBUTTER_RG.5X20G.png?imwidth=3840&imdensity=1,,,,5 x 20-g-Packung,,1.49,,"Kurfürstenanlage 21-23, 69115 Heidelberg",EDEKA,MOLKEREI & KÄSE,2023-07-08
Meggle Aioli vegan,https://offer-images.api.edeka/85b1080f-9032-485d-811e-6e071db65d59_2006163_MEGGLE_Aioli_Vegan_Tube_80ml_Packshot_300ppi.png?imwidth=3840&imdensity=1,,,,80-ml-Tube,,1.49,,"Kurfürstenanlage 21-23, 69115 Heidelberg",EDEKA,MOLKEREI & KÄSE,2023-07-08
Bärenmarke frischer Eiskaffee Latte Macchiato,https://offer-images.api.edeka/6e051973-0d22-4b5b-ade6-9692236e8b6d_BM_Der_Frische_Eiskaffee_LATM_3D_1L_rgb_150dpi_37099_Print_300dpi_.png?imwidth=3840&imdensity=1,,,,"oder haltbarer Eiskaffee klassisch, 1-L-Packung",,1.99,,"Kurfürstenanlage 21-23, 69115 Heidelberg",EDEKA,MOLKEREI & KÄSE,2023-07-08
Zott Sahne Joghurt,https://offer-images.api.edeka/f45386e9-5f59-4f67-96c3-7c20593b3379_4014500159744.png?imwidth=3840&imdensity=1,,,,"oder Kaffeegenuss, verschiedene Sorten, z. B. Joghurt Amarena- Kirsch oder Kaffeegenuss 150 g, Becher",,0.44,,"Kurfürstenanlage 21-23, 69115 Heidelberg",EDEKA,MOLKEREI & KÄSE,2023-07-08
Drews Aioli,https://offer-images.api.edeka/11572fc3-674e-49b1-9d3f-1f34c092b184_4006495162809.png?imwidth=3840&imdensity=1,,,,"verschiedene Sorten, 200-g-Packung",,1.29,,"Kurfürstenanlage 21-23, 69115 Heidelberg",EDEKA,MOLKEREI & KÄSE,2023-07-08
Schwarzwaldmilch frische fettarme Milch,https://offer-images.api.edeka/2c60b0dc-a927-40cc-a714-4b64fac38287_4046700026045_1l_Elopak_BQM_Heimat_Frischmilch_1_5_f.png?imwidth=3840&imdensity=1,,,,"1,5% Fett oder frische Vollmilch, 3,5% Fett, 1-L-Packung",,1.29,,"Kurfürstenanlage 21-23, 69115 Heidelberg",EDEKA,MOLKEREI & KÄSE,2023-07-08
EDEKA Bio Schlagsahne,https://offer-images.api.edeka/49c07236-922d-4143-b270-027d9b6566f2_4311501316634_PER.png?imwidth=3840&imdensity=1,,,,"30% Fett, 200-g-Becher",,0.89,,"Kurfürstenanlage 21-23, 69115 Heidelberg",EDEKA,MOLKEREI & KÄSE,2023-07-08
Donnerstag bis Samstag: Unsere Heimat – echt & gut Schlagsahne,https://offer-images.api.edeka/b465acc9-7756-4381-b81b-e0aa120a9e66_4166457003-UH_SCHLAGSAHNE_30_500G_MW-Neu.png?imwidth=3840&imdensity=1,,,,"mind. 30% Fett, 500-g-Flasche zzgl. 0,15 € Pfand",,2.22,,"Kurfürstenanlage 21-23, 69115 Heidelberg",EDEKA,MOLKEREI & KÄSE,2023-07-08
EDEKA Genussmomente Burrata,https://offer-images.api.edeka/d86df978-a274-476f-8d91-27272ea8ace7_4311501685877_ENT.tif.png?imwidth=3840&imdensity=1,,,,"mind. 50% Fett i. Tr., Abtropfgewicht 100 g 290-g-Becher",SUPERKNÜLLER,1.39,,"Kurfürstenanlage 21-23, 69115 Heidelberg",EDEKA,MOLKEREI & KÄSE,2023-07-08
"EDEKA Genussmomente Tiramisu, Crème Brûlée,",https://offer-images.api.edeka/c93bb175-c635-41b7-b9fb-cb30e9092642_4311501343807_PER.tif.png?imwidth=3840&imdensity=1,,,,"Pro-fiteroles oder Panna Cotta, 2 x 100-g- Packung",SUPERKNÜLLER,1.59,,"Kurfürstenanlage 21-23, 69115 Heidelberg",EDEKA,MOLKEREI & KÄSE,2023-07-08
Donnerstag bis Samstag: Kerrygold original irische Butter,https://offer-images.api.edeka/d77c7672-b5a0-4137-a5d0-5170ba31cc22_147091004-KERRYGOLD_IRISCHE_BUTTER_250G.png?imwidth=3840&imdensity=1,,,,"auch extra gesalzen oder ungesalzen, 250-g-Packung/Becher",SUPERKNÜLLER,1.59,,"Kurfürstenanlage 21-23, 69115 Heidelberg",EDEKA,MOLKEREI & KÄSE,2023-07-08
Donnerstag bis Samstag: Kerrygold Kräuter Butter,https://offer-images.api.edeka/631fab83-8e36-432f-b50f-73c50fe62b2b_KG_Kraeuterbutter_150g_Becher_Seite_C1C1_4001954161669_P2_HighRes.png?imwidth=3840&imdensity=1,,,,150-g-Becher,SUPERKNÜLLER,1.59,,"Kurfürstenanlage 21-23, 69115 Heidelberg",EDEKA,MOLKEREI & KÄSE,2023-07-08
Donnerstag bis Samstag: Müller Reine Buttermilch,https://offer-images.api.edeka/6c02ae7e-da51-4478-8bc3-c9b9b766adc9_ML.BUTTERMILCH_FLASCHE_500G.png?imwidth=3840&imdensity=1,,,,500-g-Flasche,SUPERKNÜLLER,0.59,,"Kurfürstenanlage 21-23, 69115 Heidelberg",EDEKA,MOLKEREI & KÄSE,2023-07-08
Donnerstag bis Samstag: Parmigiano Reggiano DOP,https://offer-images.api.edeka/bf7d6660-e3f2-4ebc-8f6c-0014a0ccf8bf_2609897003_Parm.Reggiano_32_02_300dpi_ECI_RGB_v2.png?imwidth=3840&imdensity=1,,,,"italienischer Hartkäse aus Rohmilch, mind. 32% Fett i. Tr., mind. 12 Monate gereift, mild, nicht scharf, 100 g",SUPERKNÜLLER,2.99,,"Kurfürstenanlage 21-23, 69115 Heidelberg",EDEKA,MOLKEREI & KÄSE,2023-07-08
Berchtesgadener Land haltbare Berg und Alpen Milch,https://offer-images.api.edeka/d993faef-b8ab-4bae-8fba-b5a1bcbd71e6_4101530002475_12er_1.png?imwidth=3840&imdensity=1,,,,"3,5% Fett, Karton mit 12 x 1-L-Packungen",,11.00,,"Kurfürstenanlage 21-23, 69115 Heidelberg",EDEKA,MOLKEREI & KÄSE,2023-07-08
,,,,,,,,,"Kurfürstenanlage 21-23, 69115 Heidelberg",EDEKA,MOLKEREI & KÄSE,2023-07-08
EDEKA Genussmomente Teigwaren,https://offer-images.api.edeka/9d776e3e-2bdd-4eea-83bf-4dc6fd12efaf_4311501606179_ENT.tif.png?imwidth=3840&imdensity=1,,,,"verschiedene Ausformungen, 500-g-Packung",SUPERKNÜLLER,1.49,,"Kurfürstenanlage 21-23, 69115 Heidelberg",EDEKA,GRUNDNAHRUNG,2023-07-08
Kölln Bio Hafer Flocken zart,https://offer-images.api.edeka/e95ee929-ca8e-419f-a6f3-dde9841396e3_4000540000641_.png?imwidth=3840&imdensity=1,,,,500-g-Packung,,1.99,,"Kurfürstenanlage 21-23, 69115 Heidelberg",EDEKA,GRUNDNAHRUNG,2023-07-08
EDEKA Bio Knusper Müsli,https://offer-images.api.edeka/29943317-9348-421c-a0f3-539f79390699_4311501636183_PER.png?imwidth=3840&imdensity=1,,,,"verschiedene Sorten, 500-g-Packung",,2.79,,"Kurfürstenanlage 21-23, 69115 Heidelberg",EDEKA,GRUNDNAHRUNG,2023-07-08
Alnatura Bio Corn Flakes,https://offer-images.api.edeka/d3b18ae3-312b-4eb3-b56c-04c156b0088a_4104420019683_frontal.png?imwidth=3840&imdensity=1,,,,375-g-Packung,,1.99,,"Kurfürstenanlage 21-23, 69115 Heidelberg",EDEKA,GRUNDNAHRUNG,2023-07-08
Alnatura Bio Corn Flakes ungesüßt,https://offer-images.api.edeka/d7af2de6-1aac-4ecb-a976-3ec231b677e0_4104420139640_Cornflakes_ungesuesst_300g_1601.png?imwidth=3840&imdensity=1,,,,300-g-Packung,,1.99,,"Kurfürstenanlage 21-23, 69115 Heidelberg",EDEKA,GRUNDNAHRUNG,2023-07-08
Barilla Teigwaren Al Bronzo,https://offer-images.api.edeka/37314d8d-869c-4cee-a04d-af9085f126a3_8076809581127_VOR.tif.png?imwidth=3840&imdensity=1,,,,"oder Collezione, verschiedene Ausformungen, z. B. Al Bronzo Spaghetti 400 g, Packung",,1.79,,"Kurfürstenanlage 21-23, 69115 Heidelberg",EDEKA,GRUNDNAHRUNG,2023-07-08
Barilla Teigwaren Vollkorn,https://offer-images.api.edeka/757e619a-513d-4877-9b5d-70cf494a7023_8076809529419_VOR.tif.png?imwidth=3840&imdensity=1,,,,"verschiedene Ausformungen, 500-g-Packung",SUPERKNÜLLER,1.79,,"Kurfürstenanlage 21-23, 69115 Heidelberg",EDEKA,GRUNDNAHRUNG,2023-07-08
Gut & Günstig Spaghetti,https://offer-images.api.edeka/7b2ac07b-5f09-4657-ba53-c83a153f369c_4311501003770_PER.png?imwidth=3840&imdensity=1,,,,"oder Fusill, 1-kg-XXL-Vorteilspackung",,1.39,,"Kurfürstenanlage 21-23, 69115 Heidelberg",EDEKA,GRUNDNAHRUNG,2023-07-08
*Wurzel,https://offer-images.api.edeka/a5ca6985-2284-4bb8-8b64-cd199d5f7850_1315181000-K_U_WURZELBROT_500G-B.png?imwidth=3840&imdensity=1,,,,"von Hand gedrehtes Weizenbrot mit einer grobporigen Krume, 400-g-Stück
 
• *Nicht erhältlich in Karlsruhe-Durlach und Achern",,3.20,,"Kurfürstenanlage 21-23, 69115 Heidelberg",EDEKA,GRUNDNAHRUNG,2023-07-08
*Gründerbrot Dinkel,https://offer-images.api.edeka/258c9a0b-cb11-49ff-9752-80efe5147feb_5494206002-BAK_GRUENDERBROT_DINKEL_600Gl-B.png?imwidth=3840&imdensity=1,,,,"Dinkelbrot, 600-g-Laib
 
• *Nicht erhältlich in Karlsruhe-Durlach und Achern",,3.29,,"Kurfürstenanlage 21-23, 69115 Heidelberg",EDEKA,GRUNDNAHRUNG,2023-07-08
*Mehrkornweck,https://offer-images.api.edeka/8dc56a9d-5ac9-422e-bc65-dbba17c9f8aa_4011318000-BAK_MEHRKORNWECK_TGL._64G.png?imwidth=3840&imdensity=1,,,,"3 Stück
 
• *Nicht erhältlich in Karlsruhe-Durlach und Achern",SUPERKNÜLLER,2.29,,"Kurfürstenanlage 21-23, 69115 Heidelberg",EDEKA,GRUNDNAHRUNG,2023-07-08
Badische Eierteigwaren,https://offer-images.api.edeka/aa25cbaa-d1c9-4ff6-a609-b47f94dab6f4_4372197007-SIC_WELLENBAND_500G.png?imwidth=3840&imdensity=1,,,,"mit hohem Ei-Anteil, verschiedene Ausformungen, in den Sorten Hörnchen, Wellenband, Spirelli, Fadennudeln kurz und lang, handwerklich hergestellt, 500-g-Packung
 
• Probierpreis",,3.49,,"Kurfürstenanlage 21-23, 69115 Heidelberg",EDEKA,GRUNDNAHRUNG,2023-07-08
EDEKA Genussmomente Ringbrot Walnuss,https://offer-images.api.edeka/5e585cf1-c06e-4510-9111-f4d14606b7ff_4311501792896_PER.tif.png?imwidth=3840&imdensity=1,,,,500-g-Packung,SUPERKNÜLLER,2.22,,"Kurfürstenanlage 21-23, 69115 Heidelberg",EDEKA,GRUNDNAHRUNG,2023-07-08
Dr. Oetker Vitalis Müsli,https://offer-images.api.edeka/0fc443f3-ca52-410d-aa3e-b2068d5ff2d8_642209003-OE.VITALIS_SCHOKO_MUESLI_600G.png?imwidth=3840&imdensity=1,,,,"verschiedene Sorten, z. B. Schokomüsli 600 g, Packung",SUPERKNÜLLER,2.49,,"Kurfürstenanlage 21-23, 69115 Heidelberg",EDEKA,GRUNDNAHRUNG,2023-07-08
,,,,,,,,,"Kurfürstenanlage 21-23, 69115 Heidelberg",EDEKA,GRUNDNAHRUNG,2023-07-08
Iglo Fischstäbchen,https://offer-images.api.edeka/408523b1-6d58-4a10-93e7-e96894e18ad1_1519533007-MSC_IGLO_FISCHSTAEBCHEN_450G.png?imwidth=3840&imdensity=1,,,,"verschiedene Sorten, z. B. 15 Fischstäbchen 450 g, tiefgefroren, Packung",SUPERKNÜLLER,2.99,,"Kurfürstenanlage 21-23, 69115 Heidelberg",EDEKA,TIEFKÜHL,2023-07-08
Costa Pacific Prawns,https://offer-images.api.edeka/934feac8-0152-458b-a747-52a820737afa_790319_Pacific_Prawns.png?imwidth=3840&imdensity=1,,,,"tiefgefroren, 215-g-Packung",,6.99,,"Kurfürstenanlage 21-23, 69115 Heidelberg",EDEKA,TIEFKÜHL,2023-07-08
Dr. Oetker Pizza la Mia Grande,https://offer-images.api.edeka/ad76a9c8-6ccd-44f1-ac2f-db9249a8bc88_4001724027195.png?imwidth=3840&imdensity=1,,,,"verschiedene Sorten, z. B. Salame Piccante 380 g, tiefgefroren, Packung",SUPERKNÜLLER,3.59,,"Kurfürstenanlage 21-23, 69115 Heidelberg",EDEKA,TIEFKÜHL,2023-07-08
Frosta Fertiggerichte,https://offer-images.api.edeka/cea44025-c811-4fa5-a397-cc24bbb7230d_870139008_FROSTA_NASI_GORENG_500G.png?imwidth=3840&imdensity=1,,,,"verschiedene Sorten, z. B. Nasi Goreng 500 g, tiefgefroren, Packung",SUPERKNÜLLER,2.49,,"Kurfürstenanlage 21-23, 69115 Heidelberg",EDEKA,TIEFKÜHL,2023-07-08
Toblerone Stick,https://offer-images.api.edeka/b3344096-9525-44ce-819d-9506be98ff57_4007993033806.png?imwidth=3840&imdensity=1,,,,"oder Milka Vanilla & Chocolate Swirl, tiefgefroren, 3 x 90-ml-Packung",,1.99,,"Kurfürstenanlage 21-23, 69115 Heidelberg",EDEKA,TIEFKÜHL,2023-07-08
Wagner Die Backfrische Pizza,https://offer-images.api.edeka/dd679415-6201-4ba7-8d80-ee51964f89ff_4009233006809_VOR.tif.png?imwidth=3840&imdensity=1,,,,"oder Piccolinis, verschiedene Sorten, z. B. Die Backfrische Salami 320 g, tiefgefroren, Packung",,1.88,,"Kurfürstenanlage 21-23, 69115 Heidelberg",EDEKA,TIEFKÜHL,2023-07-08
Wagner Big City London,https://offer-images.api.edeka/68b48e34-9ec9-439a-891d-929d765de0d9_7613035492844_big_city_1.png?imwidth=3840&imdensity=1,,,,"tiefgefroren, 420-g-Packung",SUPERKNÜLLER,1.88,,"Kurfürstenanlage 21-23, 69115 Heidelberg",EDEKA,TIEFKÜHL,2023-07-08
EDEKA Genussmomente Blätterteig Minis Käse-Schinken,https://offer-images.api.edeka/96ece426-cbfa-4bde-bb4f-22d01d856081_5573887007-E.GEN.BLAETT.TEI.MI.KAE.300G.png?imwidth=3840&imdensity=1,,,,"oder Tomate-Mozzarella, tiefgefroren, 300-g-Packung",SUPERKNÜLLER,2.49,,"Kurfürstenanlage 21-23, 69115 Heidelberg",EDEKA,TIEFKÜHL,2023-07-08
,,,,,,,,,"Kurfürstenanlage 21-23, 69115 Heidelberg",EDEKA,TIEFKÜHL,2023-07-08
Frische Seeteufelsteaks,https://offer-images.api.edeka/b4243e5b-a5b0-4583-a6ff-b594079876af_Seeteufel_Steak.png?imwidth=3840&imdensity=1,,,,"gerne filetieren wir Ihre Ware, ideal zum Grillen und Braten, gefangen im FAO 27, 100 g",SUPERKNÜLLER,4.49,,"Kurfürstenanlage 21-23, 69115 Heidelberg",EDEKA,FISCH & MEERESFRÜCHTE,2023-07-08
Feinkost Popp Brotaufstrich Alaska-Seelachs,https://offer-images.api.edeka/7d1166e3-792f-4e22-8f96-c8341b79923c_4045800522266.png?imwidth=3840&imdensity=1,,,,150-g-Packung,,1.49,,"Kurfürstenanlage 21-23, 69115 Heidelberg",EDEKA,FISCH & MEERESFRÜCHTE,2023-07-08
Frische Makrelen,https://offer-images.api.edeka/8fcc8655-aaba-4a32-8442-ce1282697499_155252_71.png?imwidth=3840&imdensity=1,,,,"küchenfertig vorbereitet, Leinenfänge, gefangen im FAO 27, Nordostatlantik/Südwest- England, 100 g",,1.49,,"Kurfürstenanlage 21-23, 69115 Heidelberg",EDEKA,FISCH & MEERESFRÜCHTE,2023-07-08
Für Sie täglich frisch vorbereitet: Fischpfanne „griechische Art“,https://offer-images.api.edeka/dcba496e-3cc1-4672-8743-4b6cfdde3ad9_Garnelenpfanne_Asia_5056.png?imwidth=3840&imdensity=1,,,,"für die schnelle Fischküche, 100 g
 
• Aus eigener Herstellung",,1.49,,"Kurfürstenanlage 21-23, 69115 Heidelberg",EDEKA,FISCH & MEERESFRÜCHTE,2023-07-08
Frische Schellfischrückenfilets,https://offer-images.api.edeka/43385ed0-7bd2-4d9e-95c1-90e18fd6d932_155712_65.png?imwidth=3840&imdensity=1,,,,"grätenfrei, gefangen im FAO 27 Island, nördliche & mittlere Nordsee, 100 g",,3.69,,"Kurfürstenanlage 21-23, 69115 Heidelberg",EDEKA,FISCH & MEERESFRÜCHTE,2023-07-08
Unser Grillartikel der Woche: Lachs-Seeteufelspieße,https://offer-images.api.edeka/65bb2e91-2800-49d6-ab08-bc47fb6dacff_PLU_150552_Lachs_Seeteufelspiess.png?imwidth=3840&imdensity=1,,,,"tagesfrisch für Sie zubereitet, 100 g
 
• Aus eigener Herstellung",,3.99,,"Kurfürstenanlage 21-23, 69115 Heidelberg",EDEKA,FISCH & MEERESFRÜCHTE,2023-07-08
Unser Grillartikel der Woche: Rotbarsch-Fackel Bacon,https://offer-images.api.edeka/d9c9567f-d68f-40cc-912a-d58aac584e5f_150092_Rotbarsch_Fackel_Bacon.png?imwidth=3840&imdensity=1,,,,"zarte Rotbarsch Würfel mariniert, mit Bacon umhüllt, grill & pfannenfertig, 100 g",,2.99,,"Kurfürstenanlage 21-23, 69115 Heidelberg",EDEKA,FISCH & MEERESFRÜCHTE,2023-07-08
Black Tiger Garnelen,https://offer-images.api.edeka/6685856a-14e7-4300-8d66-524257c2cb56_5093_47.png?imwidth=3840&imdensity=1,,,,"aufgetaut, ohne Kopf und ohne Schale, aus Aquakultur Bangladesch, 100 g",,3.49,,"Kurfürstenanlage 21-23, 69115 Heidelberg",EDEKA,FISCH & MEERESFRÜCHTE,2023-07-08
Bückling/Rollmops,https://offer-images.api.edeka/87bf0072-ce76-4939-bf68-7e70816a862a_PLU_150543_Raeucher-Rollmops.png?imwidth=3840&imdensity=1,,,,"mild geräuchert, gefüllt mit Gurke und Zwiebel, 100 g",,1.49,,"Kurfürstenanlage 21-23, 69115 Heidelberg",EDEKA,FISCH & MEERESFRÜCHTE,2023-07-08
Garnelen „Mediterran“,https://offer-images.api.edeka/7bc87ed8-21b1-40f0-9bb1-6a8ede9accc6_155833_Garnelen_Mediterran_.png?imwidth=3840&imdensity=1,,,,"Garnelen in Kräuteröl, mit Tomaten verfeinert, 100 g",,3.49,,"Kurfürstenanlage 21-23, 69115 Heidelberg",EDEKA,FISCH & MEERESFRÜCHTE,2023-07-08
Pastrami Lachs,https://offer-images.api.edeka/017d6108-faef-463a-9c28-d5b9a35a574c_PLU_15_0461_Pastrami_Lachs.png?imwidth=3840&imdensity=1,,,,"kalt geräucherter Lachs aus der Fischmanufaktur Fiedler/ Bremerhaven, frisch und fein von Hand geschnitten, 100 g",,5.99,,"Kurfürstenanlage 21-23, 69115 Heidelberg",EDEKA,FISCH & MEERESFRÜCHTE,2023-07-08
California Surimi Avocado,https://offer-images.api.edeka/d4d358b0-0cc9-4460-a579-ae1c134bc27b_2306_California_Surimi_Avocado_Masago_orange_I_Kopie.png?imwidth=3840&imdensity=1,,,,210-g-Box,,5.69,,"Kurfürstenanlage 21-23, 69115 Heidelberg",EDEKA,FISCH & MEERESFRÜCHTE,2023-07-08
Bowl Chicken Florentiner,https://offer-images.api.edeka/50ae1b2f-e705-4b2d-bae2-7d0199016253_2236_Chicken_Florentiner.png?imwidth=3840&imdensity=1,,,,500-g-Box,,9.49,,"Kurfürstenanlage 21-23, 69115 Heidelberg",EDEKA,FISCH & MEERESFRÜCHTE,2023-07-08
Mix Dim Sum,https://offer-images.api.edeka/ae0b53e6-2528-47b7-be42-7ca14dd04edb_2902_Mix_Dim_Sum_I_frei.png?imwidth=3840&imdensity=1,,,,200-g-Box,,4.59,,"Kurfürstenanlage 21-23, 69115 Heidelberg",EDEKA,FISCH & MEERESFRÜCHTE,2023-07-08
EDEKA Thunfischfilets natur,https://offer-images.api.edeka/f23c3a66-8a35-4e7d-ae21-878416efb857_3409408002-_MSC_E.THUNFISCHFILETS_NAT.185G.png?imwidth=3840&imdensity=1,,,,"185 g, Abtropfgewicht 130 g und weitere Sorten, Dose",,1.99,,"Kurfürstenanlage 21-23, 69115 Heidelberg",EDEKA,FISCH & MEERESFRÜCHTE,2023-07-08
EDEKA Genussmomente Filets vom Weißen Thunfisch,https://offer-images.api.edeka/0941a1af-5468-4e8f-8093-5b491fde4a1a_4311501653333_PER.tif.png?imwidth=3840&imdensity=1,,,,"im eigenen Saft 190 g, Abtropfgewicht 135 g, Glas",SUPERKNÜLLER,3.79,,"Kurfürstenanlage 21-23, 69115 Heidelberg",EDEKA,FISCH & MEERESFRÜCHTE,2023-07-08
Donnerstag bis Samstag: Königsmatjes,https://offer-images.api.edeka/35da88c6-33ed-4a9b-9c3f-bb61c193a198_155986_78.png?imwidth=3840&imdensity=1,,,,"Doppelmatjesfilets handfiletiert und mild gesalzen, gefangen im FAO 27 Nordsee, 3 Stück
 
• 3 Stück in der Schale",SUPERKNÜLLER,4.90,,"Kurfürstenanlage 21-23, 69115 Heidelberg",EDEKA,FISCH & MEERESFRÜCHTE,2023-07-08
Spanischer Serrano-Schinken,https://offer-images.api.edeka/8fae6d30-ae3c-43e6-b967-f8bc955a2434_Serrano_3012824000.png?imwidth=3840&imdensity=1,,,,"luftgetrocknet, mindestens 12 Monate gereift, hauchdünn geschnitten, 100 g",SUPERKNÜLLER,3.29,,"Kurfürstenanlage 21-23, 69115 Heidelberg",EDEKA,FLEISCH & WURST,2023-07-08
Frische Hähnchenbrustfilets,https://offer-images.api.edeka/1c0e2ee6-3bbe-41c0-8962-c77c5ac54bf3_4995676002_3000424001_4961444004_5172065006.png?imwidth=3840&imdensity=1,,,,"oder Hähnchengeschnetzeltes,  HKL A, natur, 100 g",SUPERKNÜLLER,1.11,,"Kurfürstenanlage 21-23, 69115 Heidelberg",EDEKA,FLEISCH & WURST,2023-07-08
Lammlachse,https://offer-images.api.edeka/4e3d9c6a-bcbf-404a-9ecd-4d78bcdcd0b6_144734_38.png?imwidth=3840&imdensity=1,,,,"natur oder verschieden mariniert. Grüne Wiesen, auf denen sich die Tiere das ganze Jahr bewegen, Klima und frisches Futter; diese Faktoren verleihen dem neuseeländischen Lamm seine hohe Fleischqualität und das unvergessliche Aroma, 100 g",SUPERKNÜLLER,4.99,,"Kurfürstenanlage 21-23, 69115 Heidelberg",EDEKA,FLEISCH & WURST,2023-07-08
Rinderbeinscheiben,https://offer-images.api.edeka/99355568-f5f4-4237-aa54-d9f13fd1c96a_144342_55.png?imwidth=3840&imdensity=1,,,,"für eine kräftige Fleischbrühe, 1 kg",,8.99,,"Kurfürstenanlage 21-23, 69115 Heidelberg",EDEKA,FLEISCH & WURST,2023-07-08
Schweineschnitzel,https://offer-images.api.edeka/e21245c9-d6da-469e-bf21-3eeafe028be0_144004_64.png?imwidth=3840&imdensity=1,,,,"aus der Oberschale, 1 kg",,9.99,,"Kurfürstenanlage 21-23, 69115 Heidelberg",EDEKA,FLEISCH & WURST,2023-07-08
Putensteaks,https://offer-images.api.edeka/7c0c1e6f-b833-46df-8db5-4f4029284e76_144642_24.png?imwidth=3840&imdensity=1,,,,"verschieden mariniert, 100 g",,1.69,,"Kurfürstenanlage 21-23, 69115 Heidelberg",EDEKA,FLEISCH & WURST,2023-07-08
Frische Schweinefilets,https://offer-images.api.edeka/fc21967f-4dd3-4e47-b206-f8e684aa2dfb_Schweinefilets_neu.png?imwidth=3840&imdensity=1,,,,"1A pariert, zart und saftig, 100 g",SUPERKNÜLLER,1.29,,"Kurfürstenanlage 21-23, 69115 Heidelberg",EDEKA,FLEISCH & WURST,2023-07-08
Salsiccia-Schnecke,https://offer-images.api.edeka/5d297c23-38f6-45e6-9c84-290c41f72b27_45216_Salsiccia.png?imwidth=3840&imdensity=1,,,,"verschiedene Sorten, ideal für Grill und Pfanne, 100 g
 
• Aus eigener Herstellung",SUPERKNÜLLER,1.79,,"Kurfürstenanlage 21-23, 69115 Heidelberg",EDEKA,FLEISCH & WURST,2023-07-08
Almochsen Picanha/Tafelspitz,https://offer-images.api.edeka/c1b42fdf-752e-4fb1-8174-9ac35e180c54_2462154_iq.png?imwidth=3840&imdensity=1,,,,"eignet sich mit der Fettabdeckung ideal zum Grillen, Smoken oder Garen. Mithilfe eines Kerntermometers lässt sich der richtige Garpunkt erziehlen. Es braucht bei 130°C etwa 90 Minuten, um die Kerntemperatur von 56° C zu erreichen, 100 g",,2.89,,"Kurfürstenanlage 21-23, 69115 Heidelberg",EDEKA,FLEISCH & WURST,2023-07-08
Almochsen Rouladen,https://offer-images.api.edeka/50d50671-a41f-48f7-8589-371f718c594c_144324_12.png?imwidth=3840&imdensity=1,,,,"zart und saftig, 100 g",,2.29,,"Kurfürstenanlage 21-23, 69115 Heidelberg",EDEKA,FLEISCH & WURST,2023-07-08
Almochsen Schmorbraten,https://offer-images.api.edeka/aa906200-8b79-47ce-8bed-99652036e3cb_144316_30.png?imwidth=3840&imdensity=1,,,,"oder Gulasch, zart und saftig, 100 g",,2.29,,"Kurfürstenanlage 21-23, 69115 Heidelberg",EDEKA,FLEISCH & WURST,2023-07-08
Almochsen Tomahawk,https://offer-images.api.edeka/264fa59a-5f5f-4d0e-9060-d0e2dcc7ae1e_EDEKA_AT_KW22_2019_OCHSEN_TOMAHAWK_8461371.png?imwidth=3840&imdensity=1,,,,"mit einer besonderen Marmorierung und feinem Aroma, zart und saftig, an seiner typischen, feinen Marmorierung sowie der kräftigen kirsch- bis rubinroten Farbe erkennt man die hohe Qualität, 100 g",SUPERKNÜLLER,2.99,,"Kurfürstenanlage 21-23, 69115 Heidelberg",EDEKA,FLEISCH & WURST,2023-07-08
Almochsenspieße,https://offer-images.api.edeka/f420b192-9fdf-45c1-8f3b-b90e3932f8f5_Rinderspiesse.png?imwidth=3840&imdensity=1,,,,"leicht marmoriert, stark im Geschmack, hervorragend zum Barbecue geeignet, 100 g",,2.49,,"Kurfürstenanlage 21-23, 69115 Heidelberg",EDEKA,FLEISCH & WURST,2023-07-08
XXL Pollo Fino,https://offer-images.api.edeka/de56a4f8-1072-421a-8d7c-f656ffa7e820_XXL_Pollo-Fino.png?imwidth=3840&imdensity=1,,,,"Hähnchenkeule ausgelöst, natur oder verschieden mariniert, zart und saftig, ideal für Grill und Pfanne, 100 g",SUPERKNÜLLER,1.11,,"Kurfürstenanlage 21-23, 69115 Heidelberg",EDEKA,FLEISCH & WURST,2023-07-08
Peperroni-Spieße mariniert,https://offer-images.api.edeka/3b750eb0-c709-49b8-b9aa-6b2e1448b912_Peperoni-Spiesse.png?imwidth=3840&imdensity=1,,,,"ideal zum Grillen, DLG-prämiert, 100 g",,1.49,,"Kurfürstenanlage 21-23, 69115 Heidelberg",EDEKA,FLEISCH & WURST,2023-07-08
Grillkäseröllchen,https://offer-images.api.edeka/4a6f018a-ed74-4e3f-b3a3-1d7aed849309_144263_38.png?imwidth=3840&imdensity=1,,,,"Spezialität zum Grillen, für Backofen und Pfanne, 100 g",,1.29,,"Kurfürstenanlage 21-23, 69115 Heidelberg",EDEKA,FLEISCH & WURST,2023-07-08
XXL-Schweinefleisch-Spieße,https://offer-images.api.edeka/382ced86-38ea-4ae6-8d59-fe2eb7fd2512_144294_04.png?imwidth=3840&imdensity=1,,,,"mariniert, aus dem Schweinenacken geschnitten, 100 g",SUPERKNÜLLER,1.49,,"Kurfürstenanlage 21-23, 69115 Heidelberg",EDEKA,FLEISCH & WURST,2023-07-08
Schweinerückensteaks,https://offer-images.api.edeka/91ee81ac-5a64-48c6-a056-1208be72ee91_4802184007_SB_S-RUECK-ST.CHILI-TOM600G_8P.png?imwidth=3840&imdensity=1,,,,"verschieden mariniert, 1 kg",,9.99,,"Kurfürstenanlage 21-23, 69115 Heidelberg",EDEKA,FLEISCH & WURST,2023-07-08
XXL Putenspieße,https://offer-images.api.edeka/bdc9c15c-8157-4c7b-b7e9-e2b478b1fe16_144700_23.png?imwidth=3840&imdensity=1,,,,"aus der Putenbrust, verschieden mariniert, 100 g",SUPERKNÜLLER,1.49,,"Kurfürstenanlage 21-23, 69115 Heidelberg",EDEKA,FLEISCH & WURST,2023-07-08
Deutsche Rinderfilet-Spieße,https://offer-images.api.edeka/28f59cc8-fffc-46b4-82ab-302c1a518e74_144294_04.png?imwidth=3840&imdensity=1,,,,"zart und saftig, mild im Geschmack, mit hervorragender Saftigkeit, 100 g",,3.99,,"Kurfürstenanlage 21-23, 69115 Heidelberg",EDEKA,FLEISCH & WURST,2023-07-08
Iberico Schweinefilets,https://offer-images.api.edeka/a7fd1252-b856-4d63-892a-6efe9b64db98_144237_92.png?imwidth=3840&imdensity=1,,,,"oder Iberico Schlemmer-Spieße, vom Filet, spanische Spezialität mit einem feinen nussigen Geschmack, das besondere Stück aus den Eichenwäldern Spaniens, 100 g",SUPERKNÜLLER,3.29,,"Kurfürstenanlage 21-23, 69115 Heidelberg",EDEKA,FLEISCH & WURST,2023-07-08
Maisspieße,https://offer-images.api.edeka/c7f88fb0-e2d7-4f2e-955c-a3b06c343e64_144223_64.png?imwidth=3840&imdensity=1,,,,"grillfertig mariniert, die ideale Beilage, 100 g",,1.49,,"Kurfürstenanlage 21-23, 69115 Heidelberg",EDEKA,FLEISCH & WURST,2023-07-08
U.S.-Burgerpatties,https://offer-images.api.edeka/681da885-1538-4ff5-ba3c-d767f97a2f83_2866213_VP_Rind-Hamburger_0002_300dpi_ECI_RGB_v2.png?imwidth=3840&imdensity=1,,,,"ideal für Grill und Pfanne, 100 g",SUPERKNÜLLER,2.49,,"Kurfürstenanlage 21-23, 69115 Heidelberg",EDEKA,FLEISCH & WURST,2023-07-08
Scotch Beef Hanging Tender/Onglet,https://offer-images.api.edeka/040e3c37-885d-4c3b-ba5b-e0cc1ac88f0b_Onglet.png?imwidth=3840&imdensity=1,,,,"vom schottischen Ochsen, leicht marmoriert, stark im Geschmack, hervorragend zum Barbecue geeignet, 100 g
 
• Special Cut",SUPERKNÜLLER,2.69,,"Kurfürstenanlage 21-23, 69115 Heidelberg",EDEKA,FLEISCH & WURST,2023-07-08
Delikatess-Bierschinken,https://offer-images.api.edeka/67d043bd-8d64-46a7-b07d-dc64bf30d48b_133038_05.png?imwidth=3840&imdensity=1,,,,"oder Bierwurst, DLG-prämiert, 100 g
 
• Glutenfrei
 
• Laktosefrei",,1.29,,"Kurfürstenanlage 21-23, 69115 Heidelberg",EDEKA,FLEISCH & WURST,2023-07-08
Spanische Serrano-Edelsalami,https://offer-images.api.edeka/1decd7cf-1d39-4cd3-a7ef-80a603d876e3_1874_HansKremersGmbH_ww.png?imwidth=3840&imdensity=1,,,,"herzhafte Spezialität aus dem Vulkangebiet der Garrotxa, 60 Tage gereift, 100 g",,2.49,,"Kurfürstenanlage 21-23, 69115 Heidelberg",EDEKA,FLEISCH & WURST,2023-07-08
Hofglück Garschinken,https://offer-images.api.edeka/e9089340-c398-4416-8cc4-6d2ca35f83d8_133713_47.png?imwidth=3840&imdensity=1,,,,"Schweinehinterschinken mit Schwarte, gegart und goldbraun geräuchert, 100 g",,2.99,,"Kurfürstenanlage 21-23, 69115 Heidelberg",EDEKA,FLEISCH & WURST,2023-07-08
Frühstücksschinken,https://offer-images.api.edeka/3f8be703-e632-4a98-8ef3-9394a2f42142_2353168_2054065_3760765004.png?imwidth=3840&imdensity=1,,,,"Schinkenspeck mild geräuchert, 100 g",SUPERKNÜLLER,1.89,,"Kurfürstenanlage 21-23, 69115 Heidelberg",EDEKA,FLEISCH & WURST,2023-07-08
Weißwurst Münchner Art,https://offer-images.api.edeka/2eb1baae-e7c2-464d-b0b3-071762688630_133006_83.png?imwidth=3840&imdensity=1,,,,"handwerklich hergestellt, 100 g
 
• Aus eigener Herstellung",,1.49,,"Kurfürstenanlage 21-23, 69115 Heidelberg",EDEKA,FLEISCH & WURST,2023-07-08
Sobrasada Mallorca – traditionale Variante,https://offer-images.api.edeka/64288ff9-2d6d-4727-9697-288b843020e8_2046_Sobrassada_Mallorca.png?imwidth=3840&imdensity=1,,,,"luftgetrocknete, streichfähige Rohwurst von der spanischen Insel Mallorca, 100 g",,2.59,,"Kurfürstenanlage 21-23, 69115 Heidelberg",EDEKA,FLEISCH & WURST,2023-07-08
Oberländer Bratwurst am Spieß,https://offer-images.api.edeka/4d395642-9cc5-4e75-9797-95db7e41807b_Oberlaender_am_Spiess_Scheck.png?imwidth=3840&imdensity=1,,,,"die kleine Weiße ohne Darm, natur oder gewürzt – perfekt zum Grillen, 100 g",,1.89,,"Kurfürstenanlage 21-23, 69115 Heidelberg",EDEKA,FLEISCH & WURST,2023-07-08
Rohesser lang,https://offer-images.api.edeka/667a8584-e15d-4336-a85e-798f7558376e_133428_11.png?imwidth=3840&imdensity=1,,,,"DLG-prämiert, 100 g
 
• Glutenfrei
 
• Laktosefrei",,1.89,,"Kurfürstenanlage 21-23, 69115 Heidelberg",EDEKA,FLEISCH & WURST,2023-07-08
Original elsässische Lachs-Spinat-Quiche klein,https://offer-images.api.edeka/7e7d2af5-2c34-4a49-b759-a0f9c66150da_PLU_15_0443_Quiche_Lorraine_mit_Lachs.png?imwidth=3840&imdensity=1,,,,150-g-Stück,,4.29,,"Kurfürstenanlage 21-23, 69115 Heidelberg",EDEKA,FLEISCH & WURST,2023-07-08
Rindfleischsalat,https://offer-images.api.edeka/8f5b8314-17b5-4ed7-88e3-fe999e6ef9f6_133847_73.png?imwidth=3840&imdensity=1,,,,"zartes Rindfleisch mit Gemüse, in Essig-Öl-Marinade, 100 g",,1.99,,"Kurfürstenanlage 21-23, 69115 Heidelberg",EDEKA,FLEISCH & WURST,2023-07-08
Delikatess-Rauchschinken,https://offer-images.api.edeka/85c3fad5-96ce-4a7f-b6cd-a229f812b94b_133717_10.png?imwidth=3840&imdensity=1,,,,"ideal zu Spargel, DLG-prämiert, 100 g",,2.19,,"Kurfürstenanlage 21-23, 69115 Heidelberg",EDEKA,FLEISCH & WURST,2023-07-08
Spanischer Trevelez Schinken,https://offer-images.api.edeka/d781edb4-4d5c-42b4-9e78-8bc7c4bd4c20_Trevelez_1.png?imwidth=3840&imdensity=1,,,,"ausschließlich mit Meersalz und Schweinefleisch aus der geschützten Region Granada hergestellt, 23 Monate Reifezeit, 100 g",,4.89,,"Kurfürstenanlage 21-23, 69115 Heidelberg",EDEKA,FLEISCH & WURST,2023-07-08
Kirschwasserschinken,https://offer-images.api.edeka/9eab0c9e-1d10-4b4f-a2f7-bfea4a7fca3d_133745_59.png?imwidth=3840&imdensity=1,,,,"gegart, 100 g",,1.99,,"Kurfürstenanlage 21-23, 69115 Heidelberg",EDEKA,FLEISCH & WURST,2023-07-08
San Daniele,https://offer-images.api.edeka/2ee795d7-0e29-4ede-81fb-35f4f86363d6_133646_93.png?imwidth=3840&imdensity=1,,,,"seine erstklassige Qualität verdankt dieser Schinken dem streng geregelten Herstellungsverfahren, über das ein Consorzio wacht. Er sei besonders „dolce“ schwärmen Kenner vom Schinken aus San Daniele und meinen das fein-milde und zarte Aroma, 100 g",,4.29,,"Kurfürstenanlage 21-23, 69115 Heidelberg",EDEKA,FLEISCH & WURST,2023-07-08
EDEKA Südwest Fleischsalat,https://offer-images.api.edeka/1fb9be15-ff57-4478-9e22-25087a4b2444_2507089005-GUTFL.FLEISCHSALAT_200G.png?imwidth=3840&imdensity=1,,,,"oder mit Kräuter, 200-g-Becher",,1.49,,"Kurfürstenanlage 21-23, 69115 Heidelberg",EDEKA,FLEISCH & WURST,2023-07-08
Herta Finesse,https://offer-images.api.edeka/d4bf0b2b-00ba-41b2-8bce-2acc38dcd8ee_Herta_Finesse_Schinken_hauchzart.png?imwidth=3840&imdensity=1,,,,"verschiedene Sorten, 100-g-Packung",SUPERKNÜLLER,1.49,,"Kurfürstenanlage 21-23, 69115 Heidelberg",EDEKA,FLEISCH & WURST,2023-07-08
Kramer Bacon Würstel,https://offer-images.api.edeka/e2169951-6ec3-4612-a9c9-0d7642a2a517_27231-KRA_BaconWuerstel.png?imwidth=3840&imdensity=1,,,,"3 Stück, 300-g-Packung",,4.49,,"Kurfürstenanlage 21-23, 69115 Heidelberg",EDEKA,FLEISCH & WURST,2023-07-08
Wiesenhof Geflügel-Mortadella,https://offer-images.api.edeka/e9585991-d8ff-4ce0-9c07-e5cd3007d8ba_ps-whf-gefluegel-mortadella-vlog-itw-auf-of.png?imwidth=3840&imdensity=1,,,,100-g-Packung,SUPERKNÜLLER,1.29,,"Kurfürstenanlage 21-23, 69115 Heidelberg",EDEKA,FLEISCH & WURST,2023-07-08
Hofglück Feine Streifen,https://offer-images.api.edeka/dcc42371-65cb-40e4-84b4-4aaa5655bd9b_702045_HG_feineStreifen2x60g.png?imwidth=3840&imdensity=1,,,,"fein-geräucherte Schinkenstreifen, 2 x 60-g-Packung",,2.49,,"Kurfürstenanlage 21-23, 69115 Heidelberg",EDEKA,FLEISCH & WURST,2023-07-08
Hofglück Wiener Würstchen,https://offer-images.api.edeka/76ecf158-0435-404e-ae5d-3150025cf2ad_4013191003-HOFGL.WIENER_WUERSTCHEN_200G.png?imwidth=3840&imdensity=1,,,,"geräuchert, 200-g-Packung",,2.49,,"Kurfürstenanlage 21-23, 69115 Heidelberg",EDEKA,FLEISCH & WURST,2023-07-08
Wiltmann Bio Salami fein,https://offer-images.api.edeka/b6acbcfa-b3fd-49c7-b799-f7502873d49a_21533_3D.png?imwidth=3840&imdensity=1,,,,"oder Rein Rind Salami, 80-g-Packung",,1.99,,"Kurfürstenanlage 21-23, 69115 Heidelberg",EDEKA,FLEISCH & WURST,2023-07-08
Donnerstag bis Samstag: Schwarzwaldhof Schinkenwürfel,https://offer-images.api.edeka/3b44385f-b983-40c8-b19d-c0a8c2816b32_4314124150272_VOR.tif.png?imwidth=3840&imdensity=1,,,,oder Schinkenstreifen  2 x 125-g-Packung,,3.33,,"Kurfürstenanlage 21-23, 69115 Heidelberg",EDEKA,FLEISCH & WURST,2023-07-08
EDEKA Genussmomente Graved Lachsfleisch gebeizt,https://offer-images.api.edeka/cfb28ca9-fd3a-47cd-aebb-c7f7886fd84b_Graved_Lachsfleisch.png?imwidth=3840&imdensity=1,,,,80-g-Packung,SUPERKNÜLLER,1.29,,"Kurfürstenanlage 21-23, 69115 Heidelberg",EDEKA,FLEISCH & WURST,2023-07-08
Samstags-Knüller: Zart gereiftes Rindfleisch – Rinderfilets/Lenden,https://offer-images.api.edeka/c66dbcc1-f24d-44e1-a5a5-42a2ad1565a6_4795983009_QS_DT_JB_FILET_1_VAC_2_7KG.png?imwidth=3840&imdensity=1,,,,"gereift, ideal als Steak zum Kurzbraten geeignet, 100 g
 
• ²Dieses Angebot ist nur am Samstag gültig",,3.99,,"Kurfürstenanlage 21-23, 69115 Heidelberg",EDEKA,FLEISCH & WURST,2023-07-08
Donnerstag bis Samstag: Spareribs,https://offer-images.api.edeka/869aa50d-4d59-4295-aadb-d03e641e3eb4_4800431004_SWF_SPA_RIB_MA_CA_8ST_CA_2_3KG.png?imwidth=3840&imdensity=1,,,,"Kotelettrippen vom Schwein, grillfertig mariniert, 1 kg",SUPERKNÜLLER,6.99,,"Kurfürstenanlage 21-23, 69115 Heidelberg",EDEKA,FLEISCH & WURST,2023-07-08
Donnerstag bis Samstag: Pikante Feuerwurst,https://offer-images.api.edeka/96e2ce3a-7f53-4ee8-9a30-092cc85cae2f_4785030007_Feuerwurst_n_Art_Rindsw_1_1KG.png?imwidth=3840&imdensity=1,,,,"nach Art einer Rindswurst oder Rindswurst im Saitling, 100 g
 
• Glutenfrei
 
• Laktosefrei",SUPERKNÜLLER,1.19,,"Kurfürstenanlage 21-23, 69115 Heidelberg",EDEKA,FLEISCH & WURST,2023-07-08
Original Nürnberger Rostbratwurst,https://offer-images.api.edeka/3e12dc6d-6527-485b-b3f2-3fea3e53293a_4002960406102_VOR.tif.png?imwidth=3840&imdensity=1,,,,200-g-Packung,,2.99,,"Kurfürstenanlage 21-23, 69115 Heidelberg",EDEKA,FLEISCH & WURST,2023-07-08
Houdek Kabanos Klassik oder Käse,https://offer-images.api.edeka/284413b2-e2fe-46d0-8ef3-f3ac088e8f99_4004786011522_VOR.tif.png?imwidth=3840&imdensity=1,,,,150-g-Packung,,1.99,,"Kurfürstenanlage 21-23, 69115 Heidelberg",EDEKA,FLEISCH & WURST,2023-07-08
Volvic Touch oder Tee,https://offer-images.api.edeka/dd0e202a-1a5e-44a3-ac5b-bc720d6a4e12_VOL_TOUCH_PA_1500ml_NEU_ab_Nov.2020.png?imwidth=3840&imdensity=1,,,,"verschiedene Sorten, 1,5-L-PET-Flasche zzgl. 0,25 € Pfand",SUPERKNÜLLER,1.19,,"Kurfürstenanlage 21-23, 69115 Heidelberg",EDEKA,GETRÄNKE,2023-07-08
Rauch Eistee,https://offer-images.api.edeka/71047c36-045f-4de1-9902-3f08dbc0c179_9008700215183_VOR.tif.png?imwidth=3840&imdensity=1,,,,"verschiedene Sorten, koffeinhaltig, 0,33-L-Dose zzgl. 0,25 € Pfand",,0.59,,"Kurfürstenanlage 21-23, 69115 Heidelberg",EDEKA,GETRÄNKE,2023-07-08
Effect Energy,https://offer-images.api.edeka/c34e73ea-f491-4cd1-8bca-10147cd39abe_Abb_effect_0_33l_Dose_Neues_Design_2018.png?imwidth=3840&imdensity=1,,,,"koffeinhaltig, 0,33-L-Dose zzgl. 0,25 € Pfand",,0.79,,"Kurfürstenanlage 21-23, 69115 Heidelberg",EDEKA,GETRÄNKE,2023-07-08
Schweppes,https://offer-images.api.edeka/6880cdc2-334b-4d47-adec-0605d2d7f0cb_Indian_Tonic_Water_1l_MW.png?imwidth=3840&imdensity=1,,,,"verschiedene Sorten, 1-L-PET-Flasche zzgl. 0,15 € Pfand",,1.39,,"Kurfürstenanlage 21-23, 69115 Heidelberg",EDEKA,GETRÄNKE,2023-07-08
Sinalco Cola-Mix² oder Orange,https://offer-images.api.edeka/dccb8cdb-75e2-4510-8f28-48e8e2989716_Si_Cola_Mix_125_EW_FL_cmyk.png?imwidth=3840&imdensity=1,,,,"(²koffeinhaltig), 1,25-L-Flasche zzgl. 0,25 € Pfand",,0.79,,"Kurfürstenanlage 21-23, 69115 Heidelberg",EDEKA,GETRÄNKE,2023-07-08
Black Forest Mineralwasser still,https://offer-images.api.edeka/a218dfa5-102b-4376-b45a-5c7639ab0e29_BF-still_PET_1_5l-Kiste_frontal.png?imwidth=3840&imdensity=1,,,,"oder fein perlend, Kiste mit 6 x 1,5-L-PET-Flaschen zzgl. 3,00 € Pfand",,4.49,,"Kurfürstenanlage 21-23, 69115 Heidelberg",EDEKA,GETRÄNKE,2023-07-08
Schwarzwald-Sprudel Limonade,https://offer-images.api.edeka/d1714986-c50e-49d7-80f2-d057ef838b8c_Zitrone-Kasten_front_63.png?imwidth=3840&imdensity=1,,,,"verschiedene Sorten, Kiste mit 12 x 0,7-L-Flaschen zzgl. 3,30 € Pfand",,5.49,,"Kurfürstenanlage 21-23, 69115 Heidelberg",EDEKA,GETRÄNKE,2023-07-08
S. Pellegrino Mineralwasser,https://offer-images.api.edeka/fe1e3a87-345b-4c18-ad1d-60c8fc5257c1_2438112009.png?imwidth=3840&imdensity=1,,,,"mit Kohlensäure, Kiste mit 6 x 1-L-Flaschen zzgl. 2,40 € Pfand",,5.99,,"Kurfürstenanlage 21-23, 69115 Heidelberg",EDEKA,GETRÄNKE,2023-07-08
Kloster Natur Radler,https://offer-images.api.edeka/3950fe25-4a42-4509-9ce3-037ce4f8367f_KlosterNaturRadler.SixPack_frontal.png?imwidth=3840&imdensity=1,,,,"auch 0,0% Alkoholfrei, Packung mit 6 x 0,33-L-Flaschen zzgl. 0,48 € Pfand",,3.49,,"Kurfürstenanlage 21-23, 69115 Heidelberg",EDEKA,GETRÄNKE,2023-07-08
Allgäuer Büble Edelbräu,https://offer-images.api.edeka/7025daf2-0137-40fb-98ab-876f7fab9b0c_Bueble_Edelbraeu_20x0_5l.png?imwidth=3840&imdensity=1,,,,"Kiste mit 20 x 0,5-L-Bügelflaschen zzgl. 4,50 € Pfand",,13.99,,"Kurfürstenanlage 21-23, 69115 Heidelberg",EDEKA,GETRÄNKE,2023-07-08
Radeberger Pilsner,https://offer-images.api.edeka/57ff3a23-06cb-47c9-8d36-7b4736c9033a_205182_RP_Kasten_20x05l_Frontal_Vorne_leichtePerspektive.png?imwidth=3840&imdensity=1,,,,"Kiste mit 20 x 0,5-L-Flaschen zzgl. 3,10 € Pfand",,11.49,,"Kurfürstenanlage 21-23, 69115 Heidelberg",EDEKA,GETRÄNKE,2023-07-08
"Kloster Hefeweizen, Spezial oder Pilsner",https://offer-images.api.edeka/665522a2-59f6-485d-b277-ed2e22b2086f_DA_KLOSTER_KASTEN_NRW_050_frontal_breit_HefeWeizen_300DPI_CMYK.png?imwidth=3840&imdensity=1,,,,"Kiste mit 20 x 0,5-L-Flaschen zzgl. 3,10 € Pfand",,9.99,,"Kurfürstenanlage 21-23, 69115 Heidelberg",EDEKA,GETRÄNKE,2023-07-08
Hacker-Pschorr Münchner Hell,https://offer-images.api.edeka/eb39f094-904d-4ada-bdb1-50365d2ec334_HP_Kiste033_muenchner-hell_front_2021.png?imwidth=3840&imdensity=1,,,,"Kiste mit 20 x 0,33-L-Bügelflaschen zzgl. 4,50 € Pfand",,12.99,,"Kurfürstenanlage 21-23, 69115 Heidelberg",EDEKA,GETRÄNKE,2023-07-08
Warsteiner Pilsener,https://offer-images.api.edeka/ab08ad4c-f1df-4ba4-acec-48f8e55f86d0_WPP_20x0_5l_frontal.png?imwidth=3840&imdensity=1,,,,"Kiste mit 20 x 0,5-L-Flaschen zzgl. 3,10 € Pfand",SUPERKNÜLLER,10.99,,"Kurfürstenanlage 21-23, 69115 Heidelberg",EDEKA,GETRÄNKE,2023-07-08
Eichbaum Ureich Premium Pils,https://offer-images.api.edeka/edd2b8ee-28c8-48f7-9b25-2fae28f59245_Eichbaum_Ureich20x0.5l_Frontal.png?imwidth=3840&imdensity=1,,,,"Kiste mit 20 x 0,5-L-Flaschen zzgl. 3,10 € Pfand",,12.99,,"Kurfürstenanlage 21-23, 69115 Heidelberg",EDEKA,GETRÄNKE,2023-07-08
Warsteiner Extra,https://offer-images.api.edeka/97b7510a-aa97-45ba-8d37-b1aae0dae444_WAR_Extra_Pilsener_6x330ml_LN_sixpack_2023_frontal.tif_300_JPG_.png?imwidth=3840&imdensity=1,,,,"Packung mit 6 x 0,33-L-Flaschen zzgl. 0,48 € Pfand",,3.79,,"Kurfürstenanlage 21-23, 69115 Heidelberg",EDEKA,GETRÄNKE,2023-07-08
Veltins Pilsener,https://offer-images.api.edeka/db6c4c35-7796-4222-89ca-03e9a3982b68_4005249000565_Frontal.png?imwidth=3840&imdensity=1,,,,"Kiste mit 20 x 0,5-L-Flaschen zzgl. 3,10 € Pfand",,11.49,,"Kurfürstenanlage 21-23, 69115 Heidelberg",EDEKA,GETRÄNKE,2023-07-08
Oberdorfer Helles,https://offer-images.api.edeka/3d7af268-9278-473b-9a7e-9a7fd19e27ca_205720_OBH_Kasten_20x05l_front_oben.png?imwidth=3840&imdensity=1,,,,"Kiste mit 20 x 0,5-L-Flaschen zzgl. 3,10 € Pfand",,13.99,,"Kurfürstenanlage 21-23, 69115 Heidelberg",EDEKA,GETRÄNKE,2023-07-08
Schöfferhofer Hefeweizen,https://offer-images.api.edeka/64d0e71c-2e4f-446c-aebf-97ac372f08f6_201725_SHWN_Hefeweizen_Kasten_20x05l_Naturtrueb_Front.png?imwidth=3840&imdensity=1,,,,"auch 0,0% Alkoholfrei, Kiste mit 20 x 0,5-L-Flaschen zzgl. 3,10 € Pfand",,13.99,,"Kurfürstenanlage 21-23, 69115 Heidelberg",EDEKA,GETRÄNKE,2023-07-08
Ramazzotti Amaro,https://offer-images.api.edeka/1f27b161-4b7f-4fc1-a05a-7bc8faebe3cd_8006550301040_VOR.tif.png?imwidth=3840&imdensity=1,,,,"30% Vol. oder Crema, 17% Vol., 0,7-L-Flasche",SUPERKNÜLLER,10.99,,"Kurfürstenanlage 21-23, 69115 Heidelberg",EDEKA,GETRÄNKE,2023-07-08
Havana Club 3 Jahre,https://offer-images.api.edeka/a16a04b6-3200-4eae-b4b6-f36dc56b242b_Havana_Club_Original_3_Anos_0_7l.png?imwidth=3840&imdensity=1,,,,"40% Vol., 0,7-L-Flasche",,11.99,,"Kurfürstenanlage 21-23, 69115 Heidelberg",EDEKA,GETRÄNKE,2023-07-08
Finsbury London Dry Gin,https://offer-images.api.edeka/edd12330-129f-493b-aa30-0dd0386d3dbd_Finsbury_Gin_Classic_70cl.png?imwidth=3840&imdensity=1,,,,"37,5% Vol., 0,7-L-Flasche",,7.99,,"Kurfürstenanlage 21-23, 69115 Heidelberg",EDEKA,GETRÄNKE,2023-07-08
Faber Sekt halbtrocken,https://offer-images.api.edeka/eda3db26-942a-40e4-81fa-2a38e9f1950a_136439002_FABER_WEISS_0_75L_4006509512606.png?imwidth=3840&imdensity=1,,,,"oder Light Live alkoholfrei, verschiedene Sorten, 0,75-L-Flasche",,2.49,,"Kurfürstenanlage 21-23, 69115 Heidelberg",EDEKA,GETRÄNKE,2023-07-08
Henkell Sekt trocken,https://offer-images.api.edeka/180b2ba3-4208-4430-ba20-2fe164616e4f_HENKELL_TROCKEN_0_75L.png?imwidth=3840&imdensity=1,,,,"0,75-L-Flasche",,3.99,,"Kurfürstenanlage 21-23, 69115 Heidelberg",EDEKA,GETRÄNKE,2023-07-08
Baden Ortenauer Weinkeller 53 Grauer Burgunder Kabinett trocken,https://offer-images.api.edeka/b3a13409-a712-4349-b2be-d41dec324d75_4007474862734_VOR.tif.png?imwidth=3840&imdensity=1,,,,"und weitere Sorten, 0,75-L-Flasche",,5.99,,"Kurfürstenanlage 21-23, 69115 Heidelberg",EDEKA,GETRÄNKE,2023-07-08
Winzer von Baden Neuenbürger Stiftsberg Riesling trocken,https://offer-images.api.edeka/f97cc4d2-12e7-4f20-bf62-17ff9b79b631_4002591350201.png?imwidth=3840&imdensity=1,,,,"Q.b.A., 1-L-Flasche
 
• kräftig, elegant, Säurespiel
 
• 10–12 °C
 
• Fisch, Steaks, Salat, Käse",,3.79,,"Kurfürstenanlage 21-23, 69115 Heidelberg",EDEKA,GETRÄNKE,2023-07-08
Demeter Perla Terra Bianco Frizzante Vino d’Italia,https://offer-images.api.edeka/1a41071d-bee1-4777-ac50-30f856abfd97_PerlaTerra_Frizzante.png?imwidth=3840&imdensity=1,,,,"0,75-L-Flasche
 
• vegan",,5.99,,"Kurfürstenanlage 21-23, 69115 Heidelberg",EDEKA,GETRÄNKE,2023-07-08
Metzger Grauburgunder trocken,https://offer-images.api.edeka/25ce7806-5a19-4b5f-a46d-14e0afb348bf_4260247840272.png?imwidth=3840&imdensity=1,,,,"0,75-L-Flasche",,8.99,,"Kurfürstenanlage 21-23, 69115 Heidelberg",EDEKA,GETRÄNKE,2023-07-08
Marrenon Roséfine IGP,https://offer-images.api.edeka/02f5dae4-238b-4acd-816c-cd5ff185b281_3256811115175.png?imwidth=3840&imdensity=1,,,,"Q.b.A., auch trocken, 0,75-L-Flasche
 
• Frische und Finesse, Noten von Zitrusfrüchten mit einem Hauch von Blumen
 
• 8–10°C
 
• Salaten, Antipasti oder einfach so!",SUPERKNÜLLER,5.99,,"Kurfürstenanlage 21-23, 69115 Heidelberg",EDEKA,GETRÄNKE,2023-07-08
Frankreich/Languedoc: Plaisir de vie blanc oder rosé,https://offer-images.api.edeka/4296b99f-ed79-416c-857f-050bf33fc4f3_EAN_3760071130118_Pugibet_Plaisir-de-Vie-Chardonnay-Viognier-IGP-0-75L.png?imwidth=3840&imdensity=1,,,,"0,75-L-Flasche
 
• blanc: von klarer goldgelber Farbe. Duftende reife Frucht- und Zitrus- noten. Vollmundig mit herrlicher Frische. Fruchtig und belebend
 
• 10°C
 
• leichten Speisen, Fisch und Meeresfrüchte",,3.99,,"Kurfürstenanlage 21-23, 69115 Heidelberg",EDEKA,GETRÄNKE,2023-07-08
Frankreich/Costières de Nîmes: Bio Château La Tour de Béraud rosé,https://offer-images.api.edeka/67fdd67e-48b1-4cf7-a0ce-e0bf393c1dee_4897368001_Rose.png?imwidth=3840&imdensity=1,,,,"0,75-L-Flasche
 
• Dieser Wein aus den Rebsorten Grenache und Mourvèdre besticht durch seine Farbe und seinen feinen Duft nach roten Früchten. Am Gaumen ist er frisch und lang im Abgang
 
• 10°C
 
• gegrillter Fisch und Geflügel, asiatische Küche",,6.99,,"Kurfürstenanlage 21-23, 69115 Heidelberg",EDEKA,GETRÄNKE,2023-07-08
Frankreich/Luberon Côtes du Ventoux Terra Venturi rot,https://offer-images.api.edeka/e34c5309-8a55-424e-a666-c01ab2b211e4_3256811114413.png?imwidth=3840&imdensity=1,,,,"auch Rosé, 0,75-L-Flasche",,5.99,,"Kurfürstenanlage 21-23, 69115 Heidelberg",EDEKA,GETRÄNKE,2023-07-08
Frankreich/Loire: Vallée Loire Touraine Sauvignon blanc,https://offer-images.api.edeka/cf428c83-61c9-4b44-b2a7-df8986248579_3362721030405.png?imwidth=3840&imdensity=1,,,,"0,75-L-Flasche
 
• fruchtig, erfrischend
 
• 6–8°C
 
• Fisch, Meeresfrüchte, Salat",,4.79,,"Kurfürstenanlage 21-23, 69115 Heidelberg",EDEKA,GETRÄNKE,2023-07-08
Frankreich/Loire: Domaine de la Briaudière Muscadet Sèvre & Maine Sur Lie trocken,https://offer-images.api.edeka/c69b63c4-a830-43f9-ba5c-c396d4f97259_3467361234166.png?imwidth=3840&imdensity=1,,,,"0,75-L-Flasche
 
• Aromen von weißen Pfirsichen, frisch und fruchtig
 
• 8–10°C
 
• alle Arten von Meeresfrüchten",,6.99,,"Kurfürstenanlage 21-23, 69115 Heidelberg",EDEKA,GETRÄNKE,2023-07-08
Frankreich/Elsass: Paul Mittnacht Crémant d’Alsace brut,https://offer-images.api.edeka/798a3748-2f52-40c3-bb00-d0ee95e7c0ae_Cremant_Paul_Mittnacht_0_75_Rose.png?imwidth=3840&imdensity=1,,,,"oder Rosé, 0,75-L-Flasche",,7.49,,"Kurfürstenanlage 21-23, 69115 Heidelberg",EDEKA,GETRÄNKE,2023-07-08
Frankreich: Domaine Reyser AOC Alsace Pinot Blanc „Les Trois Collines“,https://offer-images.api.edeka/a2ac97a9-07d4-4d10-a8e5-e6e4fc31b4e0_2064100000306.png?imwidth=3840&imdensity=1,,,,"0,75-L-Flasche
 
• fruchtbetonter Weißwein, an-sprechende Säure wirkt frisch und lebendig
 
• 10–12°C
 
• Salat mit gebratenem Fisch, Flammkuchen oder auch zu Ziegenkäse",,6.99,,"Kurfürstenanlage 21-23, 69115 Heidelberg",EDEKA,GETRÄNKE,2023-07-08
Spanien/Emporda: Perelada Inspirador Blanc trocken,https://offer-images.api.edeka/8bc27a1a-886e-4f3e-b96a-533752a93899_8410743501221_65.png?imwidth=3840&imdensity=1,,,,"0,75-L-Flasche
 
• intensives Aroma von gelben Früchten, würzigen Noten, vollmundig mit lebendiger Säure
 
• 10–12°C
 
• gegrilltem Meeresfisch, Salate",,6.99,,"Kurfürstenanlage 21-23, 69115 Heidelberg",EDEKA,GETRÄNKE,2023-07-08
Spanien/Emporda: Perelada Cap de Canons,https://offer-images.api.edeka/400faf60-e363-449b-859c-67c41adc0bc8_CapDeCanons_02.png?imwidth=3840&imdensity=1,,,,"0,75-L-Flasche
 
• kraftvolle Cuvée aus Garnacha und Syrah
 
• 16°C
 
• Schmorgerichte und Lamm",,6.99,,"Kurfürstenanlage 21-23, 69115 Heidelberg",EDEKA,GETRÄNKE,2023-07-08
Spanien: Perelada 3 Finques,https://offer-images.api.edeka/3bbb253f-275e-4398-a65a-4d7a07a84c52_8410743044513_50.png?imwidth=3840&imdensity=1,,,,"0,75-L-Flasche
 
• Aromen von roten und schwarzen Früchten, blumig, ausgewogen
 
• 16–18°C
 
• Rindfleischgerichte, Wurst, kräftiger Käse",,7.99,,"Kurfürstenanlage 21-23, 69115 Heidelberg",EDEKA,GETRÄNKE,2023-07-08
Spanien: Perelada 5 Finques,https://offer-images.api.edeka/c0739a34-b36f-4a02-b870-e7656e544ce6_5_Finques_Reserva.png?imwidth=3840&imdensity=1,,,,"0,75-L-Flasche
 
• Frucht- und Gewürzaroma, vollmundig, strukturiert
 
• 18°C
 
• kräftige Fleischgerichte, Käse",,14.99,,"Kurfürstenanlage 21-23, 69115 Heidelberg",EDEKA,GETRÄNKE,2023-07-08
Italien/Lombardei: I frati Lugana Cà dei Frati,https://offer-images.api.edeka/9be11553-cc72-499e-8fc8-0423139af46b_8058456380018_VOR.tif.png?imwidth=3840&imdensity=1,,,,"oder Rosa Cà dei Frati, 0,75-L-Flasche",,13.99,,"Kurfürstenanlage 21-23, 69115 Heidelberg",EDEKA,GETRÄNKE,2023-07-08
Italien/Trentino: Cavit Lagrein Trentino DOC,https://offer-images.api.edeka/19fb8586-6c2b-4462-961c-ffed828c79d0_8007890264446_VOR.tif.png?imwidth=3840&imdensity=1,,,,"oder Pinot Grigio DOC, und weitere Sorten, 0,75-L-Flasche
 
• Pinot Grigio: Zitrus, grüner Apel und Mandelaromen
 
• 10–12°C
 
• helles Fleisch, Vorspeise und Fisch",,5.99,,"Kurfürstenanlage 21-23, 69115 Heidelberg",EDEKA,GETRÄNKE,2023-07-08
Italien/Treviso: Prosecco Casa dei Farive,https://offer-images.api.edeka/b2b1e9fc-e6d7-42a8-b3ce-4f12fa6991db_8020502002038_iq.png?imwidth=3840&imdensity=1,,,,"0,75-L-Flasche
 
• fruchtige, dezente Aromen von Zitrusfrüchten
 
• 8°C
 
• Aperitif, zu sommerlichen Gerichten und Salaten",,4.99,,"Kurfürstenanlage 21-23, 69115 Heidelberg",EDEKA,GETRÄNKE,2023-07-08
Lillet Aperitif weiß oder rosé,https://offer-images.api.edeka/ebda1e74-5cea-4801-a606-c217539f6cbc_3057230000253_VOR.tif.png?imwidth=3840&imdensity=1,,,,"17% Vol., 0,75-L-Flasche",SUPERKNÜLLER,11.79,,"Kurfürstenanlage 21-23, 69115 Heidelberg",EDEKA,GETRÄNKE,2023-07-08
Franziskaner Weissbier Naturtrüb,https://offer-images.api.edeka/c02c2609-af2e-4440-9386-1fd2bd874447_135468007_a.png?imwidth=3840&imdensity=1,,,,"oder Alkoholfrei, Kiste mit 20 x 0,5-L-Flaschen zzgl. 3,10 € Pfand",,11.99,,"Kurfürstenanlage 21-23, 69115 Heidelberg",EDEKA,GETRÄNKE,2023-07-08
Vitrex Naturelle,https://offer-images.api.edeka/b6370cab-ff53-42e5-849b-256c5a1f2506_4251093301680_VOR.tif.png?imwidth=3840&imdensity=1,,,,"1 L oder Vitrex Sports, verschiedene Sorten, z. B. Naturelle 0,75 L, PET-Flasche zzgl. 0,25 € Pfand",,0.39,,"Kurfürstenanlage 21-23, 69115 Heidelberg",EDEKA,GETRÄNKE,2023-07-08
EDEKA Fruchtsaft oder Nektar,https://offer-images.api.edeka/0c93bde9-b750-413c-bb6a-7668bc9d08a1_4311501733004_PER.tif.png?imwidth=3840&imdensity=1,,,,"verschiedene Sorten, 1-L-PET-Flasche zzgl. 0,25 € Pfand",SUPERKNÜLLER,1.19,,"Kurfürstenanlage 21-23, 69115 Heidelberg",EDEKA,GETRÄNKE,2023-07-08
Coca-Cola* oder Fanta-Orange,https://offer-images.api.edeka/c1a8a8b5-a012-494e-9af6-709ecfd527c7_Coca-Cola_2L.png?imwidth=3840&imdensity=1,,,,"(*koffeinhaltig), 2-L-PET-Flasche zzgl. 0,25 € Pfand",,1.19,,"Kurfürstenanlage 21-23, 69115 Heidelberg",EDEKA,GETRÄNKE,2023-07-08
Bree Wein,https://offer-images.api.edeka/851f2fc9-1d35-421c-857e-f19a01b95b8b_Bree_Rose_0_75_l_EAN_4003301035968.png?imwidth=3840&imdensity=1,,,,"verschiedene Sorten, 0,75-L-Flasche
 
• Pinot Noir Rosé: fruchtig, leicht, feine Süße
 
• 10 °C
 
• Fisch, helles Fleisch",,3.33,,"Kurfürstenanlage 21-23, 69115 Heidelberg",EDEKA,GETRÄNKE,2023-07-08
Bree Wein,https://offer-images.api.edeka/51fb9794-bcab-4431-a26b-163e24aa9733_4003301035968_weinkarton_6er.png?imwidth=3840&imdensity=1,,,,"verschiedene Sorten, Kiste mit 6 x 0,75-L-Flaschen
 
• Im 6er-Karton günstiger!
 Sie sparen² 1,98 € beim Kauf von 6 Flaschen gegenüber Einzelkauf. Dies entspricht einem Einzelpreis von: 3,00 €
 
• ²Nicht mit anderen Aktionen oder Bar-Rabatt-Coupons kombinierbar.",,18.00,,"Kurfürstenanlage 21-23, 69115 Heidelberg",EDEKA,GETRÄNKE,2023-07-08
DeBeukelaer Prinzen Rolle Schoko,https://offer-images.api.edeka/abc91c5b-f1da-4a18-b181-0cd6c9a6aa4e_4001518115541_VOR.tif.png?imwidth=3840&imdensity=1,,,,400-g-Packung,SUPERKNÜLLER,1.49,,"Kurfürstenanlage 21-23, 69115 Heidelberg",EDEKA,KNABBERN & NASCHEN,2023-07-08
DeBeukelaer Prinzen Rolle Vollkorn,https://offer-images.api.edeka/0fad9e29-ce9e-417c-b9f0-73af5014521f_61172200_PR_Vollkorn_352g.png?imwidth=3840&imdensity=1,,,,352-g-Packung,SUPERKNÜLLER,1.49,,"Kurfürstenanlage 21-23, 69115 Heidelberg",EDEKA,KNABBERN & NASCHEN,2023-07-08
Manner Snack Minis Milch-Haselnuss Schnitte,https://offer-images.api.edeka/20410417-294b-4c4b-903e-4dd689b9f808_5470699004-MANNER_SN.MI.MIL.HA.SCHN.5X25G.png?imwidth=3840&imdensity=1,,,,"5 Stück, 125-g-Packung",,0.99,,"Kurfürstenanlage 21-23, 69115 Heidelberg",EDEKA,KNABBERN & NASCHEN,2023-07-08
Manner Schnitten,https://offer-images.api.edeka/11ee9a86-a986-4424-b470-c54040014277_20791_Manner_Neapolitaner_Fairtrade_400g_FRONTAL_-_300dpi.png?imwidth=3840&imdensity=1,,,,"verschiedene Sorten oder Törtchen, 400-g-Packung",,2.79,,"Kurfürstenanlage 21-23, 69115 Heidelberg",EDEKA,KNABBERN & NASCHEN,2023-07-08
Manner Snack Minis,https://offer-images.api.edeka/91396d37-68a6-4516-af24-f4e01cb3e441_2151860007.png?imwidth=3840&imdensity=1,,,,"verschiedene Sorten oder Vollkorn Neapolitaner, 300-g-Packung",,2.79,,"Kurfürstenanlage 21-23, 69115 Heidelberg",EDEKA,KNABBERN & NASCHEN,2023-07-08
Nimm 2 Lachgummi,https://offer-images.api.edeka/7c006624-de2a-402d-a4a4-2756527863c6_121182007.png?imwidth=3840&imdensity=1,,,,"verschiedene Sorten, z. B. klassisch 250 g, Packung",,0.79,,"Kurfürstenanlage 21-23, 69115 Heidelberg",EDEKA,KNABBERN & NASCHEN,2023-07-08
Funny-frisch Goldfischli Original,https://offer-images.api.edeka/af493adb-800f-4bdf-87a2-2f00e0e1bfa3_4000522060038_VOR.tif.png?imwidth=3840&imdensity=1,,,,"oder mit Sesam, 100-g-Packung",,1.11,,"Kurfürstenanlage 21-23, 69115 Heidelberg",EDEKA,KNABBERN & NASCHEN,2023-07-08
Pom-Bär Original oder Ketchup Style,https://offer-images.api.edeka/e0e7698e-b52b-4e84-82d0-abae7bb86e88_4000522105210.png?imwidth=3840&imdensity=1,,,,75-g-Packung,,1.11,,"Kurfürstenanlage 21-23, 69115 Heidelberg",EDEKA,KNABBERN & NASCHEN,2023-07-08
Lorenz Nic Nac’s,https://offer-images.api.edeka/4e380659-31c7-45a1-a9b8-74f7f53419a5_4018077004896_frontal.png?imwidth=3840&imdensity=1,,,,"verschiedene Sorten, 110-g-Packung",,1.19,,"Kurfürstenanlage 21-23, 69115 Heidelberg",EDEKA,KNABBERN & NASCHEN,2023-07-08
Knoppers Big Pack,https://offer-images.api.edeka/4b646d99-bc6b-41e0-82f2-3a7cb4af0e62_KNO_BigPack_frontal_mit_Aufsicht.png?imwidth=3840&imdensity=1,,,,"15 Stück, 375-g-Packung",SUPERKNÜLLER,2.99,,"Kurfürstenanlage 21-23, 69115 Heidelberg",EDEKA,KNABBERN & NASCHEN,2023-07-08
Ültje Erdnüsse geröstet & gesalzen,https://offer-images.api.edeka/0899f3e1-e185-4336-85e6-92f2ad669b6b_4004980409408_B_EK_Ger_ges_0900g_VORNE.png?imwidth=3840&imdensity=1,,,,900-g-Packung,SUPERKNÜLLER,4.99,,"Kurfürstenanlage 21-23, 69115 Heidelberg",EDEKA,KNABBERN & NASCHEN,2023-07-08
EDEKA Genussmomente Lieblingspralinen,https://offer-images.api.edeka/f309ea03-6910-43dc-95d4-54fb452c276b_3248650008-E.GEN.PRALINENMISCHUNG_200G.png?imwidth=3840&imdensity=1,,,,"feinste Pralinenmischung, 200-g-Packung",SUPERKNÜLLER,2.99,,"Kurfürstenanlage 21-23, 69115 Heidelberg",EDEKA,KNABBERN & NASCHEN,2023-07-08
Ritter Sport Schokolade Bunte Vielfalt,https://offer-images.api.edeka/832d8d4d-83bf-450d-bd7a-24de3c9f7ba7_100g_BV_Alpenmilch_4000417601810.png?imwidth=3840&imdensity=1,,,,"verschiedene Sorten, 100-g-Tafel",SUPERKNÜLLER,0.79,,"Kurfürstenanlage 21-23, 69115 Heidelberg",EDEKA,KNABBERN & NASCHEN,2023-07-08
Chio Chips,https://offer-images.api.edeka/4cf5bcda-2956-45fc-b330-453f4682349a_5505890000.png?imwidth=3840&imdensity=1,,,,"verschiedene Sorten, 150-g-Packung",,1.11,,"Kurfürstenanlage 21-23, 69115 Heidelberg",EDEKA,KNABBERN & NASCHEN,2023-07-08
Hakle Toilettenpapier Klassisch Weiss,https://offer-images.api.edeka/cc035567-2e92-4adb-9d20-caa551248a91_4260344220021_Toilettenpapier_Kamille_8x150Blatt.png?imwidth=3840&imdensity=1,,,,"oder Kamille, 3-lagig, 8 x 150-Blatt-Packung",SUPERKNÜLLER,3.33,,"Kurfürstenanlage 21-23, 69115 Heidelberg",EDEKA,DROGERIE,2023-07-08
Respekt Color Waschmittel Pulver,https://offer-images.api.edeka/a59e080f-3538-4129-afac-8428fbb97be9_D1100012734192-h.png?imwidth=3840&imdensity=1,,,,"oder Vollwaschmittel, 20 Waschladungen, 1,35-kg-Packung",,2.99,,"Kurfürstenanlage 21-23, 69115 Heidelberg",EDEKA,DROGERIE,2023-07-08
Kuschelweich Weichspüler,https://offer-images.api.edeka/3b158088-e601-4d0e-89e1-b6877c71de5a_4013162031313_VOR.tif.png?imwidth=3840&imdensity=1,,,,"verschiedene Sorten, 38 Waschladungen, 1-L-Flasche",SUPERKNÜLLER,1.49,,"Kurfürstenanlage 21-23, 69115 Heidelberg",EDEKA,DROGERIE,2023-07-08
Regina Küchentücher,https://offer-images.api.edeka/fb8699f0-086a-48ed-b797-e90ab2d8901c_8004260454162_VOR.tif.png?imwidth=3840&imdensity=1,,,,"mit Herzen, 4 x 43 Blatt, Packung",SUPERKNÜLLER,2.49,,"Kurfürstenanlage 21-23, 69115 Heidelberg",EDEKA,DROGERIE,2023-07-08
Nivea Dusche,https://offer-images.api.edeka/8cdcddd9-e9f0-4d28-bc41-ec783ee63ed4_4005900932990_NIVEA_Shower_Creme_Soft_Pflegedusche-Retail.png?imwidth=3840&imdensity=1,,,,"verschiedene Sorten, 250-ml-Flasche",,1.75,,"Kurfürstenanlage 21-23, 69115 Heidelberg",EDEKA,DROGERIE,2023-07-08
Dove Deo-Spray,https://offer-images.api.edeka/c7ede285-cf7e-4c9f-beca-6c51e647fbc6_8712561315975_VOR.tif.png?imwidth=3840&imdensity=1,,,,"verschiedene Sorten, 150-ml-Dose",,2.22,,"Kurfürstenanlage 21-23, 69115 Heidelberg",EDEKA,DROGERIE,2023-07-08
Guhl Shampoo,https://offer-images.api.edeka/7d7232b1-102c-4a01-98b3-997ad7d5a943_4072600282373_VOR.tif.png?imwidth=3840&imdensity=1,,,,"verschiedene Sorten, 250-ml-Flasche",SUPERKNÜLLER,2.99,,"Kurfürstenanlage 21-23, 69115 Heidelberg",EDEKA,DROGERIE,2023-07-08
Guhl Spülung,https://offer-images.api.edeka/eb872676-352c-44bf-82d9-7f98ff9ee8d0_4072600282380_VOR.tif.png?imwidth=3840&imdensity=1,,,,"verschiedene Sorten, 200-ml-Flasche",SUPERKNÜLLER,2.99,,"Kurfürstenanlage 21-23, 69115 Heidelberg",EDEKA,DROGERIE,2023-07-08
Tempo Taschentücher Klassik,https://offer-images.api.edeka/d3d10a76-79cd-40cd-a530-710a795a90c0_7322540787047_VOR.tif.png?imwidth=3840&imdensity=1,,,,"42 x 10 Stück oder Taschentücher-Box Trio, 3 x 100 Stück, Packung",SUPERKNÜLLER,4.44,,"Kurfürstenanlage 21-23, 69115 Heidelberg",EDEKA,DROGERIE,2023-07-08
Colgate Zahncreme Max,https://offer-images.api.edeka/29e502de-8141-4fc4-ba42-50bbf42210ed_8718951313224_T1.png?imwidth=3840&imdensity=1,,,,"verschiedene Sorten oder Sensations White, 75-ml-Packung",,1.69,,"Kurfürstenanlage 21-23, 69115 Heidelberg",EDEKA,DROGERIE,2023-07-08
Claro Classic Geschirrspültabs,https://offer-images.api.edeka/96baa170-ae56-4baa-8aed-bab18c40f37e_2699820006_CLARO_CLASS.OEKO_TABS40WL_640G.png?imwidth=3840&imdensity=1,,,,"40 Tabs, 640-g-Packung",,4.49,,"Kurfürstenanlage 21-23, 69115 Heidelberg",EDEKA,DROGERIE,2023-07-08
bebe Reinigungstücher,https://offer-images.api.edeka/fbfb21c5-0020-4364-b424-06f68e7f2e80_BB_3574661678313_EMEA_Pflegende_Reinigungstuecher_Duo_2x25ct_000.png?imwidth=3840&imdensity=1,,,,"verschiedene Sorten, 2 x 25-Stück-Packung",,3.99,,"Kurfürstenanlage 21-23, 69115 Heidelberg",EDEKA,DROGERIE,2023-07-08
Regina Toilettenpapier Kamille,https://offer-images.api.edeka/b867d2de-5661-4824-9f89-7d7a57bbfd6a_8004260414494_VOR.tif.png?imwidth=3840&imdensity=1,,,,"3-lagig, 16 x 150-Blatt-Packung",SUPERKNÜLLER,4.99,,"Kurfürstenanlage 21-23, 69115 Heidelberg",EDEKA,DROGERIE,2023-07-08
Carefree Slipeinlagen,https://offer-images.api.edeka/61c6b83e-999d-4f52-ab27-6c6fb9c4b75e_3574661486314_CAREFR.COTTON_FEEL_NORMAL_56ST.png?imwidth=3840&imdensity=1,,,,"verschiedene Sorten, z. B. Cotton Feel, 56 Stück, Packung",,2.29,,"Kurfürstenanlage 21-23, 69115 Heidelberg",EDEKA,DROGERIE,2023-07-08
Spee Waschmittel oder Weißer Riese,https://offer-images.api.edeka/345240b7-96bc-4302-85e0-ab163f09f96e_4015200031781_Spee-MP-19WL_1_14KG.png?imwidth=3840&imdensity=1,,,,"verschiedene Sorten, z. B. Spee Universal Megaperls 1,14 kg, 19 Waschladungen, Packung",,3.99,,"Kurfürstenanlage 21-23, 69115 Heidelberg",EDEKA,DROGERIE,2023-07-08
"Persil Universal-, Color-Pulver, Gel, Discs",https://offer-images.api.edeka/d1a6c3a8-4bf6-434e-b9ae-aa197e9da9b1_4015200031835_Persil_Universal_Pulver_90WL.png?imwidth=3840&imdensity=1,,,,"oder Power Bars, verschiedene Sorten, z. B. Pulver 5,4 kg, 90 Waschladungen, Packung/Flasche",SUPERKNÜLLER,19.99,,"Kurfürstenanlage 21-23, 69115 Heidelberg",EDEKA,DROGERIE,2023-07-08
EDEKA Hühnchen- oder Entenfilet XXL,https://offer-images.api.edeka/007824cf-80f9-4e30-a400-40da35bd17f2_4311501763278_EDEKA_Huehnchenfilet_XXL_Snack_250g.png?imwidth=3840&imdensity=1,,,,250-g-Packung,,2.99,,"Kurfürstenanlage 21-23, 69115 Heidelberg",EDEKA,TIERNAHRUNG,2023-07-08
Vitakraft Beef-Stick für Hunde,https://offer-images.api.edeka/6897c0a2-12e7-4c3a-a447-0ebac811c31c_4008239230294_VOR.tif.png?imwidth=3840&imdensity=1,,,,"verschiedene Sorten, 1 Stück, 12-g-Packung",,0.35,,"Kurfürstenanlage 21-23, 69115 Heidelberg",EDEKA,TIERNAHRUNG,2023-07-08
Vitakraft Cat Stick,https://offer-images.api.edeka/9841bee7-facf-4824-9e86-fdbe1ea1369e_4008239241924_VOR.tif.png?imwidth=3840&imdensity=1,,,,"verschiedene Sorten, 3 x 6-g-Packung",,0.59,,"Kurfürstenanlage 21-23, 69115 Heidelberg",EDEKA,TIERNAHRUNG,2023-07-08
Tante Fanny frischer XXL-Flammkuchenteig,https://offer-images.api.edeka/b73383c8-e89e-41db-9f33-ac6857d905e7_TF_Flammkuchenteig_XXL_350g_300dpi_jpg.png?imwidth=3840&imdensity=1,,,,350-g-XXL-Packung,,2.22,,"Kurfürstenanlage 21-23, 69115 Heidelberg",EDEKA,SONSTIGES,2023-07-08
Tante Fanny frischer XXL-Blech-Pizzateig,https://offer-images.api.edeka/5596ace3-f84e-4adc-b9ba-6384592615ee_Tante_Fanny_Pizza_XXL_550g_9120003413254.png?imwidth=3840&imdensity=1,,,,550-g-XXL-Packung,,2.22,,"Kurfürstenanlage 21-23, 69115 Heidelberg",EDEKA,SONSTIGES,2023-07-08
Camargue Fleur de Sel Meersalz,https://offer-images.api.edeka/a6d39af9-c36c-4fde-9638-7604e5aa9be2_997413007_CAMARGUE_FLEUR_DE_SEL_125G.png?imwidth=3840&imdensity=1,,,,"100% natürliches, in der Sonne getrocknetes Meersalz, 125-g-Packung",,4.49,,"Kurfürstenanlage 21-23, 69115 Heidelberg",EDEKA,SONSTIGES,2023-07-08
Bio Redoro Olivenöl Frutato,https://offer-images.api.edeka/8f95f977-723b-44b4-8cab-ff25924ea72b_53107.png?imwidth=3840&imdensity=1,,,,"0,5-L-Flasche",,8.99,,"Kurfürstenanlage 21-23, 69115 Heidelberg",EDEKA,SONSTIGES,2023-07-08
Bio Redoro Aceto Balsamico di Modena,https://offer-images.api.edeka/25b0246c-5965-4bdf-9c8f-3211e2568493_8001302003241_VOR.tif.png?imwidth=3840&imdensity=1,,,,"verschiedene Sorten, 0,5-L-Flasche",,6.99,,"Kurfürstenanlage 21-23, 69115 Heidelberg",EDEKA,SONSTIGES,2023-07-08
Hilcona Tortelloni Ricotta e Spinaci,https://offer-images.api.edeka/50054eb7-9e36-4349-86db-3f851ebd58fb_7610227895643_VOR.tif.png?imwidth=3840&imdensity=1,,,,"oder Carne & getrocknete Tomaten, 500-g-Packung",,3.33,,"Kurfürstenanlage 21-23, 69115 Heidelberg",EDEKA,SONSTIGES,2023-07-08
Tassimo Kaffee Kapseln,https://offer-images.api.edeka/bff388a3-40f3-4926-b944-6367d0ff0610_8711000500774_VOR.tif.png?imwidth=3840&imdensity=1,,,,"verschiedene Sorten, z. B. Crema XL, 132,8 g, Packung",,4.44,,"Kurfürstenanlage 21-23, 69115 Heidelberg",EDEKA,SONSTIGES,2023-07-08
Melitta Kaffee,https://offer-images.api.edeka/82d0bccd-9333-44bc-ab7b-5a4686b22b97_4002720002261_VOR.tif.png?imwidth=3840&imdensity=1,,,,"verschiedene Sorten, vakuum gemahlen, 500-g-Packung",,4.44,,"Kurfürstenanlage 21-23, 69115 Heidelberg",EDEKA,SONSTIGES,2023-07-08
Dr. Oetker Original Pudding,https://offer-images.api.edeka/e08974d2-8748-4969-9b80-256f79ebe070_4000521200213_VOR.tif.png?imwidth=3840&imdensity=1,,,,"verschiedene Sorten, z. B. Vanille 111 g, Packung",,0.79,,"Kurfürstenanlage 21-23, 69115 Heidelberg",EDEKA,SONSTIGES,2023-07-08
Scheck-in Privatrösterei Dolce Columbia Montana,https://offer-images.api.edeka/188456e3-54ca-4c73-a583-78033f2dfd3c_2064199009013_retusche.png?imwidth=3840&imdensity=1,,,,250-g-Packung,,5.99,,"Kurfürstenanlage 21-23, 69115 Heidelberg",EDEKA,SONSTIGES,2023-07-08
Jacobs Instant Sticks,https://offer-images.api.edeka/72afe22e-f41e-418a-b949-4862435f950f_4031695_EP_FR_03_DE.png?imwidth=3840&imdensity=1,,,,"verschiedene Sorten, z. B. Jacobs 3-in-1 Classic 10 x 18 g, Packung",,1.79,,"Kurfürstenanlage 21-23, 69115 Heidelberg",EDEKA,SONSTIGES,2023-07-08
Nusspli Nuss-Nougat-Creme,https://offer-images.api.edeka/291094aa-5ba9-4254-ad77-fdf05084041a_4002575639773.png?imwidth=3840&imdensity=1,,,,400-g-Glas,,1.99,,"Kurfürstenanlage 21-23, 69115 Heidelberg",EDEKA,SONSTIGES,2023-07-08
Glück Fruchtaufstrich,https://offer-images.api.edeka/aaccada6-5399-4232-86e2-ce57f78db18e_4054600820915_VOR.tif.png?imwidth=3840&imdensity=1,,,,"auch passiert, verschiedene Sorten, 230-g-Glas",,2.49,,"Kurfürstenanlage 21-23, 69115 Heidelberg",EDEKA,SONSTIGES,2023-07-08
Biovegan Mein Wikinger Brod Brotbackmischung,https://offer-images.api.edeka/cbed7ef2-05e1-4796-aa7e-be101ef97cc4_4005394287736_frontal.png?imwidth=3840&imdensity=1,,,,600-g-Packung,,2.49,,"Kurfürstenanlage 21-23, 69115 Heidelberg",EDEKA,SONSTIGES,2023-07-08
Develey Feinkostsauce,https://offer-images.api.edeka/b2b014a3-6b51-4946-8fd4-301b0b90e40b_1094738006_frontal.png?imwidth=3840&imdensity=1,,,,"verschiedene Sorten, z. B. Burger Sauce oder BBQ Sauce, 250-ml-Flasche",,1.39,,"Kurfürstenanlage 21-23, 69115 Heidelberg",EDEKA,SONSTIGES,2023-07-08
Hengstenberg Spezialitäten Essig,https://offer-images.api.edeka/ff1fbf39-d01f-4e20-91b3-b4a63d1a6528_4008100120549_VOR.tif.png?imwidth=3840&imdensity=1,,,,"verschiedene Sorten, 0,5-L-Flasche",,2.49,,"Kurfürstenanlage 21-23, 69115 Heidelberg",EDEKA,SONSTIGES,2023-07-08
Mazola Keimöl,https://offer-images.api.edeka/8fae06f1-9d9b-42d7-9818-f0df23ca9acc_138925004_MAZOLA_KEIMOEL_250ML.png?imwidth=3840&imdensity=1,,,,250-ml-Flasche,,1.69,,"Kurfürstenanlage 21-23, 69115 Heidelberg",EDEKA,SONSTIGES,2023-07-08
Brändle Vita Rapsöl oder Sonnenblumenöl,https://offer-images.api.edeka/7c9503de-bd00-44e5-b9c2-cd2be4347e8b_4008722001240_VOR.tif.png?imwidth=3840&imdensity=1,,,,"0,75-L-Flasche",,2.99,,"Kurfürstenanlage 21-23, 69115 Heidelberg",EDEKA,SONSTIGES,2023-07-08
Pomito Passierte Tomaten,https://offer-images.api.edeka/07d4d7ba-95af-41f9-bcff-d5f9c6142473_3815830006-POMITO_PASSIERTE_TOMATEN_1KG.png?imwidth=3840&imdensity=1,,,,1-kg-Packung,SUPERKNÜLLER,1.79,,"Kurfürstenanlage 21-23, 69115 Heidelberg",EDEKA,SONSTIGES,2023-07-08
Heinz Tomato Ketchup,https://offer-images.api.edeka/e18c07f2-a9a8-4f49-a2fb-ac29758229ad_87157277_Frontal.png?imwidth=3840&imdensity=1,,,,800-ml-Maxipack,,2.99,,"Kurfürstenanlage 21-23, 69115 Heidelberg",EDEKA,SONSTIGES,2023-07-08
EDEKA Hummus natur,https://offer-images.api.edeka/05929759-7fa7-4b1c-83b8-e16c1d7c8b7b_2929672007_EDEKA_HUMMUS_200G.png?imwidth=3840&imdensity=1,,,,"200-g-Becher
 
• vegan",,1.49,,"Kurfürstenanlage 21-23, 69115 Heidelberg",EDEKA,SONSTIGES,2023-07-08
Aoste Stickado,https://offer-images.api.edeka/3be178a4-3a1e-4a68-aa25-37fd53717bf8_3449851328005_VOR.tif.png?imwidth=3840&imdensity=1,,,,"verschiedene Sorten, 70-g-Packung",SUPERKNÜLLER,1.59,,"Kurfürstenanlage 21-23, 69115 Heidelberg",EDEKA,SONSTIGES,2023-07-08
Donnerstag bis Samstag: Settele Lange Spätzle,https://offer-images.api.edeka/c9f86a9d-8eaf-4925-a9ed-6a4a230177d5_SETT.LANGE_SPAETZLE_1KG.png?imwidth=3840&imdensity=1,,,,"und weitere Sorten, 1-kg-Packung",,2.99,,"Kurfürstenanlage 21-23, 69115 Heidelberg",EDEKA,SONSTIGES,2023-07-08
*Erdbeerkuchen,https://offer-images.api.edeka/f68ff499-c270-45ee-8a66-8e435af08fbf_4455805005-SIC_ERDBEERKUCHEN_10ST-B.png?imwidth=3840&imdensity=1,,,,"Stück
 
• *Nicht erhältlich in Karlsruhe-Durlach und Achern",,3.70,,"Kurfürstenanlage 21-23, 69115 Heidelberg",EDEKA,SONSTIGES,2023-07-08
*Himbeertörtchen,https://offer-images.api.edeka/aca8f8eb-07a4-49b5-89ff-7834a66486e4_4455927004-SIC_HIMBEER-TOERTCHEN.png?imwidth=3840&imdensity=1,,,,"Stück
 
• *Nicht erhältlich in Karlsruhe-Durlach und Achern",,3.70,,"Kurfürstenanlage 21-23, 69115 Heidelberg",EDEKA,SONSTIGES,2023-07-08
*Hefe-Rosinenschnecken,https://offer-images.api.edeka/f6538d6b-1fd9-4232-82cf-8c021c42469e_2231231000-K_U_HEFE-ROSINENSCHNECKE.png?imwidth=3840&imdensity=1,,,,"2 Stück
 
• *Nicht erhältlich in Karlsruhe-Durlach und Achern",,3.29,,"Kurfürstenanlage 21-23, 69115 Heidelberg",EDEKA,SONSTIGES,2023-07-08
Käsekuchen,https://offer-images.api.edeka/7e9047c5-e1b5-4755-b937-20ce563c127d_4313093007-SIC_KAESEKUCHEN_900G-A.png?imwidth=3840&imdensity=1,,,,"900-g-Stück – auch in SB erhältlich 
 
• In Handarbeit gefertigt",SUPERKNÜLLER,10.90,,"Kurfürstenanlage 21-23, 69115 Heidelberg",EDEKA,SONSTIGES,2023-07-08
Currywurstsoße,https://offer-images.api.edeka/68573b53-17c5-4b96-b82b-8287591e3ffc_4780946008-Currywurtsosse_160g.png?imwidth=3840&imdensity=1,,,,"handwerklich hergestellt, 160-ml-Glas
 
• Probierpreis",,4.49,,"Kurfürstenanlage 21-23, 69115 Heidelberg",EDEKA,SONSTIGES,2023-07-08
Karotten-Ingwer-Suppe,https://offer-images.api.edeka/36e7cced-f5a1-4b31-9760-12a576c413f7_4251768120097-SIC_KAROTTE-INGWER_SUPPE_350ML.png?imwidth=3840&imdensity=1,,,,"handwerklich hergestellt, 350-ml-Glas
 
• Probierpreis",,4.99,,"Kurfürstenanlage 21-23, 69115 Heidelberg",EDEKA,SONSTIGES,2023-07-08
Gazpacho Andaluz,https://offer-images.api.edeka/af452737-e95c-4e73-8a61-0ef8c77c2354_4979649008-SIC_GAZPACHO_340ML.png?imwidth=3840&imdensity=1,,,,"handwerklich hergestellt, 340-ml-Glas
 
• Probierpreis",,4.99,,"Kurfürstenanlage 21-23, 69115 Heidelberg",EDEKA,SONSTIGES,2023-07-08
Meringe,https://offer-images.api.edeka/5877e5cb-d6b4-4b91-bd01-6456b0b90161_4353056006-SIC_MERINGE_150G.png?imwidth=3840&imdensity=1,,,,"handwerklich hergestellt, 150-g-Packung
 
• Probierpreis",,5.99,,"Kurfürstenanlage 21-23, 69115 Heidelberg",EDEKA,SONSTIGES,2023-07-08
Bavette,https://offer-images.api.edeka/3b37ce44-1cc5-4dae-a7f4-2d808a7eaf56_4568072008-SIC_BAVETTE_250G.png?imwidth=3840&imdensity=1,,,,"handwerklich hergestellt, 250-g-Packung
 
• Probierpreis",,2.49,,"Kurfürstenanlage 21-23, 69115 Heidelberg",EDEKA,SONSTIGES,2023-07-08
Spinat-Maultaschen,https://offer-images.api.edeka/d0e14aff-506c-4802-a4d7-7c0ef94091f7_5506729002-SIC_SPINATMAULTASCHE_380G.png?imwidth=3840&imdensity=1,,,,"handwerklich hergestellt, 380-g-Packung
 
• Probierpreis",,4.49,,"Kurfürstenanlage 21-23, 69115 Heidelberg",EDEKA,SONSTIGES,2023-07-08
Kalbsrahmragout mit Knöpfle,https://offer-images.api.edeka/1028b361-692e-463d-8b0b-e47ef3d41ede_5905828001-SIC_KALBSRAHMRAG.M.KNOEPF.400G.png?imwidth=3840&imdensity=1,,,,"handwerklich hergestellt, 400-g-Packung
 
• Probierpreis",,8.49,,"Kurfürstenanlage 21-23, 69115 Heidelberg",EDEKA,SONSTIGES,2023-07-08
EDEKA Genussmomente Macarons,https://offer-images.api.edeka/cb8a83df-64d0-4a8a-b112-07402c4d91dd_4311501792704_PER.png?imwidth=3840&imdensity=1,,,,"Mandelgebäck nach französischer Art, 144-g-Packung",SUPERKNÜLLER,3.39,,"Kurfürstenanlage 21-23, 69115 Heidelberg",EDEKA,SONSTIGES,2023-07-08
EDEKA Genussmomente Natives Olivenöl extra,https://offer-images.api.edeka/9426ed57-02df-4a7c-9fb0-f22716a5f793_4311501698242_ENT.tif.png?imwidth=3840&imdensity=1,,,,500-ml-Flasche,,7.77,,"Kurfürstenanlage 21-23, 69115 Heidelberg",EDEKA,SONSTIGES,2023-07-08
"Lavazza Crema e Aroma, Caffè Crema Classico",https://offer-images.api.edeka/1dd777bd-c658-4091-adae-769395ea3887_Lavazza_CREMA_E_AROMA_INT1_FR.png?imwidth=3840&imdensity=1,,,,"und weitere Sorten, ganze Bohnen, 1-kg-Packung",SUPERKNÜLLER,9.99,,"Kurfürstenanlage 21-23, 69115 Heidelberg",EDEKA,SONSTIGES,2023-07-08
Teekanne Frio,https://offer-images.api.edeka/774c1089-7f9f-4de6-8a1f-10c2063e78eb_4009300011767_VOR.tif.png?imwidth=3840&imdensity=1,,,,"verschiedene Sorten, 18er, 45-g-Packung",,2.29,,"Kurfürstenanlage 21-23, 69115 Heidelberg",EDEKA,SONSTIGES,2023-07-08
Dallmayr Kaffeepads,https://offer-images.api.edeka/37ff7e64-0789-495e-bd75-5fa655821323_4008167003878_VOR.tif.png?imwidth=3840&imdensity=1,,,,"verschiedene Sorten, z. B. prodomo, 16 Stück, 112 g, Packung",,1.79,,"Kurfürstenanlage 21-23, 69115 Heidelberg",EDEKA,SONSTIGES,2023-07-08
Milkana Schmelzkäse oder 8 leckere Ecken,https://offer-images.api.edeka/cfce9e39-bdbe-4e4a-8b47-f37b9abf4a94_4045357010605.png?imwidth=3840&imdensity=1,,,,"verschiedene Sorten, z. B. Sahne, Käse Vielfalt 190 g, Packung",,1.99,,"Kurfürstenanlage 21-23, 69115 Heidelberg",EDEKA,SONSTIGES,2023-07-08
Oro di Parma Tomaten,https://offer-images.api.edeka/310b6845-ed15-4396-932c-e716d47ac831_129380003_ORO_DI_PARMA_TOM.STUECKIG_400G.png?imwidth=3840&imdensity=1,,,,"verschiedene Sorten, z. B. stückig 400 g, Dose",SUPERKNÜLLER,1.29,,"Kurfürstenanlage 21-23, 69115 Heidelberg",EDEKA,SONSTIGES,2023-07-08
Bonduelle Gemüse,https://offer-images.api.edeka/0f9b7127-57b3-40f1-9f58-136d692ce885_3083681160383.png?imwidth=3840&imdensity=1,,,,"verschiedene Sorten, z. B. Junge Erbsen Feine Auslese 400 g, Abtropfgewicht 280 g, Dose",,1.49,,"Kurfürstenanlage 21-23, 69115 Heidelberg",EDEKA,SONSTIGES,2023-07-08
Naked Nudeln,https://offer-images.api.edeka/92035c31-cf6e-473d-a1d4-60587427f249_5050665048430.png?imwidth=3840&imdensity=1,,,,"verschiedene Sorten, 78-g-Becher",,1.29,,"Kurfürstenanlage 21-23, 69115 Heidelberg",EDEKA,SONSTIGES,2023-07-08
