product_name,product_image,payback_points,product_link,payback_condition,product_quantity,tag_label,price,product_information,store_address,store,category,date,offer_duration
LANGNESE Cremissimo,https://cdn.penny.de/.imaging/mte/penny/detail-md/dam/Angebote/Angebote-der-Woche/2023-28/food/32177199.png0/jcr:content/32177199.png,1 °P pro 2 Euro Warenwert,https://www.penny.de/angebote/highlights-der-woche/langnese-cremissimo,Keine Payback-Bedingung,"je 1.300 ml

								(1 Liter = 1.45)",-52%,1.88,"Bourbon Vanille, je 1.300 ml (1 Liter = 1.45) oder
Solero, je 900 ml (1 Liter = 2.09)",Rathausstr. 27 69126 Heidelberg,Penny,Highlights der Woche,2023-07-15,10.07. - 15.07.
LANGNESE Cremissimo,https://cdn.penny.de/.imaging/mte/penny/detail-md/dam/Angebote/Angebote-der-Woche/2023-28/food/KW28_Cemissimo.png/jcr:content/KW28_Cemissimo.png,1 °P pro 2 Euro Warenwert,https://www.penny.de/angebote/highlights-der-woche/langnese-cremissimo1,Keine Payback-Bedingung,"Preis mit Coupon: 1.77 €, Preis ohne Coupon: 1.88 €, je 850ml–1.300ml-Packung",App Coupon,1.77*,"Gültig vom 10.7.2023 bis 15.7.2023
Banana Peanut vegan
• Preis mit Coupon: 1.77 €
• Preis ohne Coupon: 1.88 €
• Je 850ml-Packung
• Grundpreis mit App Coupon: 1l = 2.08 €
• Grundpreis ohne App Coupon: 1l = 2.21 €
Stracciatella, Schokolade, Walnuss, Vanille vegan, Erdbeer Joghurt, Strawberry Cheesecake oder a la Solero
• Preis mit Coupon: 1.77 €
• Preis ohne Coupon: 1.88 €
• Je 900ml-Packung
• Grundpreis mit App Coupon: 1l = 1.97 €
• Grundpreis ohne App Coupon: 1l = 2.09 €
Vanille
• Preis mit Coupon: 1.77 €
• Preis ohne Coupon: 1.88 €
• Je 1.300ml-Packung
• Grundpreis mit App Coupon: 1l = 1.36 €
• Grundpreis ohne App Coupon: 1l = 1.45 €",Rathausstr. 27 69126 Heidelberg,Penny,Highlights der Woche,2023-07-15,10.07. - 15.07.
MÜHLENHOF Schweine-Schnitzel*,https://cdn.penny.de/.imaging/mte/penny/detail-md/dam/Angebote/Angebote-der-Woche/2023-28/food/37635221.png/jcr:content/37635221.png,1 °P pro 2 Euro Warenwert,https://www.penny.de/angebote/highlights-der-woche/muehlenhof-schweine-schnitzel,Keine Payback-Bedingung,"je 800-g-Packung

								(1 kg = 7.49)",Aktion,5.99,"Aus der Oberschale, im Frischfleischregal, aus Haltungsform 2",Rathausstr. 27 69126 Heidelberg,Penny,Highlights der Woche,2023-07-15,10.07. - 15.07.
MARKTLIEBE Süßkirschen*,https://cdn.penny.de/.imaging/mte/penny/detail-md/dam/Angebote/Angebote-der-Woche/2023-28/food/13543260.png/jcr:content/13543260.png,1 °P pro 2 Euro Warenwert,https://www.penny.de/angebote/highlights-der-woche/marktliebe-suesskirschen,Keine Payback-Bedingung,"je 1,5-kg-Kiste

								(1 kg = 3.33)",Aktion,4.99,"Türkei, Kl. I",Rathausstr. 27 69126 Heidelberg,Penny,Highlights der Woche,2023-07-15,10.07. - 15.07.
MELITTA Kaffee*,https://cdn.penny.de/.imaging/mte/penny/detail-md/dam/Angebote/Angebote-der-Woche/2023-28/food/21439610.png/jcr:content/21439610.png,1 °P pro 2 Euro Warenwert,https://www.penny.de/angebote/highlights-der-woche/melitta-kaffee,Keine Payback-Bedingung,"je 500-g-Packung

								(1 kg = 8.98)",-40%,4.49,"Gemahlen, verschiedene Sorten",Rathausstr. 27 69126 Heidelberg,Penny,Highlights der Woche,2023-07-15,10.07. - 15.07.
MARKTLIEBE Mango*,https://cdn.penny.de/.imaging/mte/penny/detail-md/dam/Angebote/Angebote-der-Woche/2023-28/food/11526210.png/jcr:content/11526210.png,1 °P pro 2 Euro Warenwert,https://www.penny.de/angebote/obst-und-gemuese/marktliebe-mango,Keine Payback-Bedingung,je Stück,Aktion,0.79,"Faserarm
Elfenbeinküste, Costa Rica, Kolumbien, Sorte: Keitt, Kent, Palmer, Kl. I",Rathausstr. 27 69126 Heidelberg,Penny,Obst und Gemüse,2023-07-15,10.07. - 15.07.
MARKTLIEBE Helle Tafeltrauben,https://cdn.penny.de/.imaging/mte/penny/detail-md/dam/Angebote/Angebote-der-Woche/2023-28/food/24491068.png/jcr:content/24491068.png,1 °P pro 2 Euro Warenwert,https://www.penny.de/angebote/obst-und-gemuese/marktliebe-helle-tafeltrauben,Keine Payback-Bedingung,je kg,-40%,2.99,"Italien, Sorte: Victoria, Kl. I",Rathausstr. 27 69126 Heidelberg,Penny,Obst und Gemüse,2023-07-15,10.07. - 15.07.
MARKTLIEBE Deutsche  Erdbeeren*,https://cdn.penny.de/.imaging/mte/penny/detail-md/dam/Angebote/Angebote-der-Woche/2023-28/food/28138435.png/jcr:content/28138435.png,1 °P pro 2 Euro Warenwert,https://www.penny.de/angebote/obst-und-gemuese/marktliebe-deutsche-erdbeeren,Keine Payback-Bedingung,"z.B. 500 g

								(1 kg = 5.38)",Aktion,2.69,Kl. I,Rathausstr. 27 69126 Heidelberg,Penny,Obst und Gemüse,2023-07-15,10.07. - 15.07.
NATURGUT Bio-Limetten,https://cdn.penny.de/.imaging/mte/penny/detail-md/dam/Angebote/Angebote-der-Woche/2023-28/food/11526350.png0/jcr:content/11526350.png,1 °P pro 2 Euro Warenwert,https://www.penny.de/angebote/obst-und-gemuese/naturgut-bio-limetten?hide=true,Keine Payback-Bedingung,"je 300-g-Netz

								(1 kg = 3.33)",-44%,1.–,"Brasilien, Kolumbien, Mexiko, Kl. II",Rathausstr. 27 69126 Heidelberg,Penny,Obst und Gemüse,2023-07-15,10.07. - 15.07.
Frühlingsschichttorte,https://cdn.penny.de/.imaging/mte/penny/storygallery-sm/dam/PENNY-erleben/Rezepte-und-Ernährung/mittendrin-1-23/01-Frühlings-Schichttorte/1080x1350px.jpg/jcr:content/1080x1350px.jpg,Keine Payback-Punkte,https://www.penny.de/erleben/rezepte-und-ernaehrung/fruehlings-schichttorte,Keine Payback-Bedingung,Keine Mengenangaben,Kein Etikett,0,Keine Produktinformation,Rathausstr. 27 69126 Heidelberg,Penny,Obst und Gemüse,2023-07-15,10.07. - 15.07.
NATURGUT Bio-Zwiebeln,https://cdn.penny.de/.imaging/mte/penny/detail-md/dam/Angebote/Angebote-der-Woche/2023-28/food/31600732.png/jcr:content/31600732.png,1 °P pro 2 Euro Warenwert,https://www.penny.de/angebote/obst-und-gemuese/naturgut-bio-zwiebeln,Keine Payback-Bedingung,je 1-kg-Zellulosenetz,-20%,1.89,"Niederlande, Österreich",Rathausstr. 27 69126 Heidelberg,Penny,Obst und Gemüse,2023-07-15,10.07. - 15.07.
NATURGUT Bio Snackgurken,https://cdn.penny.de/.imaging/mte/penny/detail-md/dam/Angebote/Angebote-der-Woche/2023-28/food/KW28_Gurken.png/jcr:content/KW28_Gurken.png,1 °P pro 2 Euro Warenwert,https://www.penny.de/angebote/obst-und-gemuese/naturgut-bio-snackgurken,Keine Payback-Bedingung,"Preis mit Coupon: 1.29 €, Preis ohne Coupon: 1.69 €, je 250g-Schale",App Coupon,1.29*,"Gültig vom 10.7.2023 bis 15.7.2023
• Spanien
• Klasse 2
• Preis mit Coupon: 1.29 €
• Preis ohne Coupon: 1.69 €
• Je 250g-Schale
• Grundpreis mit App Coupon: 1kg = 5.16 €
• Grundpreis ohne App Coupon: 1kg = 6.76 €",Rathausstr. 27 69126 Heidelberg,Penny,Obst und Gemüse,2023-07-15,10.07. - 15.07.
"MARKTLIEBE Pflaumen, Sorte s. Etikett",https://cdn.penny.de/.imaging/mte/penny/detail-md/dam/Angebote/Angebote-der-Woche/2023-28/food/KW28_Pflaumen.png/jcr:content/KW28_Pflaumen.png,1 °P pro 2 Euro Warenwert,https://www.penny.de/angebote/obst-und-gemuese/marktliebe-pflaumen-sorte-s-etikett,Keine Payback-Bedingung,"Preis mit Coupon: 1.99 €, Preis ohne Coupon: 2.49 €, je 500g-Schale",App Coupon,1.99*,"Gültig vom 10.7.2023 bis 15.7.2023
• Chile, Südafrika
• Klasse 1
• Preis mit Coupon: 1.99 €
• Preis ohne Coupon: 2.49 €
• Je 500g-Schale
• Grundpreis mit App Coupon: 1kg = 3.98 €
• Grundpreis ohne App Coupon: 1kg = 4.98 €",Rathausstr. 27 69126 Heidelberg,Penny,Obst und Gemüse,2023-07-15,10.07. - 15.07.
Jede Woche neu – viele Extra°Punkte für dich!,https://cdn.penny.de/.imaging/mte/penny/detail-md/dam/Angebote/CHDW_ab_KW13_23/1080x1009_Perso_CHDW.jpg/jcr:content/1080x1009_Perso_CHDW.jpg,1 °P pro 2 Euro Warenwert,https://www.penny.de/angebote/payback-angebote/jede-woche-neu--viele-extrapunkte-fuer-dich,Keine Payback-Bedingung,"Gültig Mo, 10.07. bis Sa, 15.07.2023",Kein Etikett,0,"So funktioniert´s: eCoupon vor dem Einkauf in der PENNY App, der PAYBACK App, auf PAYBACK.de oder am PENNY Service-Punkt im Markt aktivieren. Die Einlösung erfolgt automatisch durch Vorlage der (mobilen) PAYBACK Karte beim Einkauf.
Die °Punktegutschrift erfolgt nach dem Einkauf. Gültig ab einem rabattfähigen Mindestumsatz von 2€ in der angebotenen Kategorie. Der Coupon ist nur einmalig und nicht nachträglich einlösbar und darf nicht vervielfältigt werden.",Rathausstr. 27 69126 Heidelberg,Penny,PAYBACK Angebote,2023-07-15,10.07. - 15.07.
50 Extra°Punkte beim Kauf von JACOBS Tassimo,https://cdn.penny.de/.imaging/mte/penny/detail-md/dam/Angebote/Angebote-der-Woche/2023-28/food/24313666.png/jcr:content/24313666.png,1 °P pro 2 Euro Warenwert,https://www.penny.de/angebote/payback-angebote/50-extrapunkte-beim-kauf-von-jacobs-tassimo,Keine Payback-Bedingung,"je 264-g-Packung

								(1 kg = 15.11)",-33%,3.99,"Die °Punktegutschrift kann nur in der angebotenen Kategorie und pro verkaufte Einzelpackung geltend gemacht werden. Angebote sind bis zum 15.07.2023 gültig. (Mobile) PAYBACK Karte an der Kasse vor­zeigen. Alle Abbildungen beispielhaft.

Latte macchiato, je 264-g-Packung (1 kg = 15.11) oder
Krönung XL, je 144-g-Packung (1 kg = 27.71)",Rathausstr. 27 69126 Heidelberg,Penny,PAYBACK Angebote,2023-07-15,10.07. - 15.07.
30fach Punkte beim Kauf von Maggi  Produkten im Gesamtwert  von über 2 €,https://cdn.penny.de/.imaging/mte/penny/detail-md/dam/Angebote/Angebote-der-Woche/2023-28/food/KW28_PHDW_Maggi.png/jcr:content/KW28_PHDW_Maggi.png,1 °P pro 2 Euro Warenwert,https://www.penny.de/angebote/payback-angebote/30fach-punkte-beim-kauf-von-maggi-produkten-im-gesamtwert-von-ueber-2,Keine Payback-Bedingung,,Kein Etikett,0,Die °Punktegutschrift kann nur in der angebotenen Kategorie geltend gemacht werden. Angebote sind bis zum 15.07.2023 gültig. (Mobile) PAYBACK Karte an der Kasse vor­zeigen. Alle Abbildungen beispielhaft.,Rathausstr. 27 69126 Heidelberg,Penny,PAYBACK Angebote,2023-07-15,10.07. - 15.07.
KERRYGOLD Extra*,https://cdn.penny.de/.imaging/mte/penny/detail-md/dam/Angebote/Angebote-der-Woche/2023-28/food/5586440.png/jcr:content/5586440.png,1 °P pro 2 Euro Warenwert,https://www.penny.de/angebote/kuehlregal/kerrygold-extra,Keine Payback-Bedingung,"je 250-g-Packung

								(1 kg = 7.16)",-40%,1.79,Ungesalzen oder gesalzen,Rathausstr. 27 69126 Heidelberg,Penny,Kühlregal,2023-07-15,10.07. - 15.07.
MILRAM Reibekäse*,https://cdn.penny.de/.imaging/mte/penny/detail-md/dam/Angebote/Angebote-der-Woche/2023-28/food/27484152_01.png/jcr:content/27484152_01.png,1 °P pro 2 Euro Warenwert,https://www.penny.de/angebote/kuehlregal/milram-reibekaese,Keine Payback-Bedingung,"je 150-g-Beutel

								(1 kg = 9.93)",-42%,1.49,Auflauf-Liebe,Rathausstr. 27 69126 Heidelberg,Penny,Kühlregal,2023-07-15,10.07. - 15.07.
BRESSO Frischkäse,https://cdn.penny.de/.imaging/mte/penny/detail-md/dam/Angebote/Angebote-der-Woche/2023-28/food/9167380.png/jcr:content/9167380.png,1 °P pro 2 Euro Warenwert,https://www.penny.de/angebote/kuehlregal/bresso-frischkaese,Keine Payback-Bedingung,"je 150-g-Packung

								(1 kg = 9.27)",-39%,1.39,Verschiedene Sorten und Fettstufen,Rathausstr. 27 69126 Heidelberg,Penny,Kühlregal,2023-07-15,10.07. - 15.07.
BRESSO Portionierter Frischkäse*,https://cdn.penny.de/.imaging/mte/penny/detail-md/dam/Angebote/Angebote-der-Woche/2023-28/food/9167380_01.png/jcr:content/9167380_01.png,1 °P pro 2 Euro Warenwert,https://www.penny.de/angebote/kuehlregal/bresso-portionierter-frischkaese?hide=true,Keine Payback-Bedingung,"je 120-g-Packung

								(1 kg = 11.58)",-39%,1.39,Verschiedene Sorten und Fettstufen,Rathausstr. 27 69126 Heidelberg,Penny,Kühlregal,2023-07-15,10.07. - 15.07.
Blaubeer-Pancakes,https://cdn.penny.de/.imaging/mte/penny/storygallery-sm/dam/PENNY-erleben/Rezepte-und-Ernährung/rezepte-content/2023/Q2/Blaubeer-Pancakes/Blaubeer-Pancakes-I-Foto-Jennifer-Braun-1237.jpg/jcr:content/0Blaubeer-Pancakes%20I%20Foto%20Jennifer%20Braun-1249-45ohne.jpeg,Keine Payback-Punkte,https://www.penny.de/erleben/rezepte-und-ernaehrung/blaubeer-pancakes-mit-frischkaese,Keine Payback-Bedingung,Keine Mengenangaben,Kein Etikett,0,Keine Produktinformation,Rathausstr. 27 69126 Heidelberg,Penny,Kühlregal,2023-07-15,10.07. - 15.07.
MILKANA Schmelzkäse,https://cdn.penny.de/.imaging/mte/penny/detail-md/dam/Angebote/Angebote-der-Woche/2023-28/food/35504236.png/jcr:content/35504236.png,1 °P pro 2 Euro Warenwert,https://www.penny.de/angebote/kuehlregal/milkana-schmelzkaese,Keine Payback-Bedingung,"je 190-g-Packung

								(1 kg = 9.95)",-29%,1.89,Verschiedene Sorten und Fettstufen,Rathausstr. 27 69126 Heidelberg,Penny,Kühlregal,2023-07-15,10.07. - 15.07.
MILKANA Tolle Rolle*,https://cdn.penny.de/.imaging/mte/penny/detail-md/dam/Angebote/Angebote-der-Woche/2023-28/food/35504236_01.png/jcr:content/35504236_01.png,1 °P pro 2 Euro Warenwert,https://www.penny.de/angebote/kuehlregal/milkana-tolle-rolle,Keine Payback-Bedingung,"je 100-g-Packung

								(1 kg = 18.90)",-29%,1.89,38% Fett i. Tr.,Rathausstr. 27 69126 Heidelberg,Penny,Kühlregal,2023-07-15,10.07. - 15.07.
SALAKIS Tradition Feta*,https://cdn.penny.de/.imaging/mte/penny/detail-md/dam/Angebote/Angebote-der-Woche/2023-28/food/37902848_01.png/jcr:content/37902848_01.png,1 °P pro 2 Euro Warenwert,https://www.penny.de/angebote/kuehlregal/salakis-tradition-feta,Keine Payback-Bedingung,"je 150-g-Packung

								(1 kg = 11.93)",-48%,1.79,"Im Kräutermantel, 48% Fett i. Tr",Rathausstr. 27 69126 Heidelberg,Penny,Kühlregal,2023-07-15,10.07. - 15.07.
MÜLLER Joghurt mit der Ecke,https://cdn.penny.de/.imaging/mte/penny/detail-md/dam/Angebote/Angebote-der-Woche/2023-28/food/35677778.png/jcr:content/35677778.png,1 °P pro 2 Euro Warenwert,https://www.penny.de/angebote/kuehlregal/mueller-joghurt-mit-der-ecke?hide=true,Keine Payback-Bedingung,"je 150-g-Becher

								(1 kg = 2.33)",-55%,0.35,Verschiedene Sorten,Rathausstr. 27 69126 Heidelberg,Penny,Kühlregal,2023-07-15,10.07. - 15.07.
Gegrillte Avocado,https://cdn.penny.de/.imaging/mte/penny/fullwidth-desktop-lg/dam/PENNY-erleben/Rezepte-und-Ernährung/mittendrin-2-22/12-gegrillte-avocado/gegrillte-avocado_5760x1461px.jpg/jcr:content/gegrillte-avocado_5760x1461px.jpg,Keine Payback-Punkte,https://www.penny.de/erleben/rezepte-und-ernaehrung/gegrillte-avocado,Keine Payback-Bedingung,Keine Mengenangaben,Kein Etikett,0,Keine Produktinformation,Rathausstr. 27 69126 Heidelberg,Penny,Kühlregal,2023-07-15,10.07. - 15.07.
ELITE High Protein Quarkcreme,https://cdn.penny.de/.imaging/mte/penny/detail-md/dam/Angebote/Angebote-der-Woche/2023-28/food/34977910.png/jcr:content/34977910.png,1 °P pro 2 Euro Warenwert,https://www.penny.de/angebote/kuehlregal/elite-high-protein-quarkcreme,Keine Payback-Bedingung,"je 200-g-Becher

								(1 kg = 3.95)",Preisknaller,0.79,Versch. Sorten,Rathausstr. 27 69126 Heidelberg,Penny,Kühlregal,2023-07-15,10.07. - 15.07.
DR. OETKER Marmorette Splits*,https://cdn.penny.de/.imaging/mte/penny/detail-md/dam/Angebote/Angebote-der-Woche/2023-28/food/22553294.png/jcr:content/22553294.png,1 °P pro 2 Euro Warenwert,https://www.penny.de/angebote/kuehlregal/dr-oetker-marmorette-splits,Keine Payback-Bedingung,"je 4 x 100-g-Becher

								(1 kg = 3.73)",Aktion,1.49,Schoko,Rathausstr. 27 69126 Heidelberg,Penny,Kühlregal,2023-07-15,10.07. - 15.07.
DR. OETKER Paula Pudding*,https://cdn.penny.de/.imaging/mte/penny/detail-md/dam/Angebote/Angebote-der-Woche/2023-28/food/22553294_01.png/jcr:content/22553294_01.png,1 °P pro 2 Euro Warenwert,https://www.penny.de/angebote/kuehlregal/dr-oetker-paula-pudding,Keine Payback-Bedingung,"je 4 x 125-g-Becher

								(1 kg = 2.98)",Aktion,1.49,Schoko oder Vanille,Rathausstr. 27 69126 Heidelberg,Penny,Kühlregal,2023-07-15,10.07. - 15.07.
FOOD FOR FUTURE Veganer Aufschnitt Typ Lyoner,https://cdn.penny.de/.imaging/mte/penny/detail-md/dam/Angebote/Angebote-der-Woche/2023-28/food/35620263.png/jcr:content/35620263.png,1 °P pro 2 Euro Warenwert,https://www.penny.de/angebote/kuehlregal/food-for-future-veganer-aufschnitt-typ-lyoner?hide=true,Keine Payback-Bedingung,"je 80-g-Packung

								(1 kg = 9.88)",-20%,0.79,Versch. Sorten,Rathausstr. 27 69126 Heidelberg,Penny,Kühlregal,2023-07-15,10.07. - 15.07.
Frühlingssalat,https://cdn.penny.de/.imaging/mte/penny/storygallery-sm/dam/PENNY-erleben/Rezepte-und-Ernährung/mittendrin-1-23/08-Frühlingssalat/1080x1350px.jpg/jcr:content/1080x1350px.jpg,Keine Payback-Punkte,https://www.penny.de/erleben/rezepte-und-ernaehrung/fruehlingssalat,Keine Payback-Bedingung,Keine Mengenangaben,Kein Etikett,0,Keine Produktinformation,Rathausstr. 27 69126 Heidelberg,Penny,Kühlregal,2023-07-15,10.07. - 15.07.
RÜGENWALDER MÜHLE Vegetarisches Pfannengericht,https://cdn.penny.de/.imaging/mte/penny/detail-md/dam/Angebote/Angebote-der-Woche/2023-28/food/23598482.png/jcr:content/23598482.png,1 °P pro 2 Euro Warenwert,https://www.penny.de/angebote/kuehlregal/ruegenwalder-muehle-vegetarisches-pfannengericht,Keine Payback-Bedingung,"je 180-g-Packung

								(1 kg = 13.83)",-24%,2.49,Verschiedene Sorten,Rathausstr. 27 69126 Heidelberg,Penny,Kühlregal,2023-07-15,10.07. - 15.07.
DR. OETKER Intermezzo*,https://cdn.penny.de/.imaging/mte/penny/detail-md/dam/Angebote/Angebote-der-Woche/2023-28/food/29075556.png/jcr:content/29075556.png,1 °P pro 2 Euro Warenwert,https://www.penny.de/angebote/kuehlregal/dr-oetker-intermezzo,Keine Payback-Bedingung,"je 165-g-Packung

								(1 kg = 12.06)",-16%,1.99,"Schinken mit Sauerrahm, je 165-g-Packung (1 kg = 12.06) oder
Hot Chili, mit Peperoni-Salami, je 185-g-Packung (1 kg = 10.76)",Rathausstr. 27 69126 Heidelberg,Penny,Kühlregal,2023-07-15,10.07. - 15.07.
COPPENRATH & WIESE Meistertorte,https://cdn.penny.de/.imaging/mte/penny/detail-md/dam/Angebote/Angebote-der-Woche/2023-28/food/28938464.png/jcr:content/28938464.png,1 °P pro 2 Euro Warenwert,https://www.penny.de/angebote/kuehlregal/coppenrath--wiese-meistertorte,Keine Payback-Bedingung,"je 800-g-Packung

								(1 kg = 6.86)",-31%,5.49,Mandel Bienenstich,Rathausstr. 27 69126 Heidelberg,Penny,Kühlregal,2023-07-15,10.07. - 15.07.
SCHÖLLER Pirulo,https://cdn.penny.de/.imaging/mte/penny/detail-md/dam/Angebote/Angebote-der-Woche/2023-28/food/24901113.png/jcr:content/24901113.png,1 °P pro 2 Euro Warenwert,https://www.penny.de/angebote/kuehlregal/schoeller-pirulo,Keine Payback-Bedingung,"je 9 x 45-ml-Packung

								(1 Liter = 4.91)",-47%,1.99,"Kaktus, je 9 x 45-ml-Packung (1 Liter = 4.91) oder
Tropical Mini, je 300-ml-Packung (1 Liter = 6.63)",Rathausstr. 27 69126 Heidelberg,Penny,Kühlregal,2023-07-15,10.07. - 15.07.
ICE CREAM UNITED Spaghetti Style*,https://cdn.penny.de/.imaging/mte/penny/detail-md/dam/Angebote/Angebote-der-Woche/2023-28/food/39874066.png/jcr:content/39874066.png,1 °P pro 2 Euro Warenwert,https://www.penny.de/angebote/kuehlregal/ice-cream-united-spaghetti-style,Keine Payback-Bedingung,"je 460-ml-Becher

								(1 Liter = 7.59)",-30%,3.49,Edizione Podolski & Lombardi,Rathausstr. 27 69126 Heidelberg,Penny,Kühlregal,2023-07-15,10.07. - 15.07.
ICE CREAM UNITED Marshmallow Candy*,https://cdn.penny.de/.imaging/mte/penny/detail-md/dam/Angebote/Angebote-der-Woche/2023-28/food/39874066_01.png/jcr:content/39874066_01.png,1 °P pro 2 Euro Warenwert,https://www.penny.de/angebote/kuehlregal/ice-cream-united-marshmallow-candy,Keine Payback-Bedingung,"je 500-ml-Becher

								(1 Liter = 6.98)",-30%,3.49,Edizione Podolski & Lombardi,Rathausstr. 27 69126 Heidelberg,Penny,Kühlregal,2023-07-15,10.07. - 15.07.
FOOD FOR FUTURE Barista,https://cdn.penny.de/.imaging/mte/penny/detail-md/dam/Angebote/Angebote-der-Woche/2023-28/food/KW28_Barista.png/jcr:content/KW28_Barista.png,1 °P pro 2 Euro Warenwert,https://www.penny.de/angebote/kuehlregal/food-for-future-barista,Keine Payback-Bedingung,"Preis mit Coupon: 1.11 €, Preis ohne Coupon: 1.35 €, je 1l-Packung",App Coupon,1.11*,"Gültig vom 10.7.2023 bis 15.7.2023
• Preis mit Coupon: 1.11
• Preis ohne Coupon: 1.35 €
• Je 1l-Packung",Rathausstr. 27 69126 Heidelberg,Penny,Kühlregal,2023-07-15,10.07. - 15.07.
MITAKOS Hirtenkäse,https://cdn.penny.de/.imaging/mte/penny/detail-md/dam/Angebote/Angebote-der-Woche/2023-28/food/KW28_Mitakos.png/jcr:content/KW28_Mitakos.png,1 °P pro 2 Euro Warenwert,https://www.penny.de/angebote/kuehlregal/mitakos-hirtenkaese,Keine Payback-Bedingung,"Preis mit Coupon: 1.59 €, Preis ohne Coupon: 1.79 €, je 250g-Packung",App Coupon,1.59*,"Gültig vom 10.7.2023 bis 15.7.2023
• Preis mit Coupon: 1.59 €
• Preis ohne Coupon: 1.79 €
• Je 250g-Packung
• Grundpreis mit App Coupon: 1kg = 6.36 €
• Grundpreis ohne App Coupon: 1kg = 7.16 €",Rathausstr. 27 69126 Heidelberg,Penny,Kühlregal,2023-07-15,10.07. - 15.07.
PENNY READY Smoothies,https://cdn.penny.de/.imaging/mte/penny/detail-md/dam/Angebote/Angebote-der-Woche/2023-28/food/KW28_PY_Ready_Smoothie.png/jcr:content/KW28_PY_Ready_Smoothie.png,1 °P pro 2 Euro Warenwert,https://www.penny.de/angebote/kuehlregal/penny-ready-smoothies,Keine Payback-Bedingung,"Preis mit Coupon: 0.99 €, Preis ohne Coupon: 1.19 €, je 250ml-Flasche",App Coupon,0.99*,"Gültig vom 10.7.2023 bis 15.7.2023
• Verschiedene Sorten
• Preis mit Coupon: 0.99 €
• Preis ohne Coupon: 1.19 €
• Je 250ml-Flasche
• Grundpreis mit App Coupon: 1l = 3.96 €
• Grundpreis ohne App Coupon: 1l = 4.76 €",Rathausstr. 27 69126 Heidelberg,Penny,Kühlregal,2023-07-15,10.07. - 15.07.
MÜHLENHOF Frische Bratwurstplatte*,https://cdn.penny.de/.imaging/mte/penny/detail-md/dam/Angebote/Angebote-der-Woche/2023-28/food/27145766.png/jcr:content/27145766.png,1 °P pro 2 Euro Warenwert,https://www.penny.de/angebote/alles-fuer-den-grillabend/muehlenhof-frische-bratwurstplatte,Keine Payback-Bedingung,"je 400-g-Packung

								(1 kg = 12.48)",Aktion,4.99,"Vom Schwein und Rind, bestehend aus feinen Bratwürsten, Bratwurstzöpfen und Bratwürsten „Bosporus“",Rathausstr. 27 69126 Heidelberg,Penny,Alles für den Grillabend,2023-07-15,10.07. - 15.07.
GRILLPARTY Schweine-Holzfällerscheiben*,https://cdn.penny.de/.imaging/mte/penny/detail-md/dam/Angebote/Angebote-der-Woche/2023-28/food/27824305.png/jcr:content/27824305.png,1 °P pro 2 Euro Warenwert,https://www.penny.de/angebote/alles-fuer-den-grillabend/grillparty-schweine-holzfaellerscheiben,Keine Payback-Bedingung,"z. B. 500 g

								(1 kg = 6.98)",Aktion,3.49,"Mariniert, Paprika, mit Knochen, versch. Gewichte",Rathausstr. 27 69126 Heidelberg,Penny,Alles für den Grillabend,2023-07-15,10.07. - 15.07.
GRILLPARTY Hähnchen-Steaks,https://cdn.penny.de/.imaging/mte/penny/detail-md/dam/Angebote/Angebote-der-Woche/2023-28/food/27747614.png/jcr:content/27747614.png,1 °P pro 2 Euro Warenwert,https://www.penny.de/angebote/alles-fuer-den-grillabend/grillparty-haehnchen-steaks,Keine Payback-Bedingung,"je 550-g-Packung

								(1 kg = 9.07)",Aktion,4.99,"Mariniert, Paprika",Rathausstr. 27 69126 Heidelberg,Penny,Alles für den Grillabend,2023-07-15,10.07. - 15.07.
Cherry-Romatomaten*,https://cdn.penny.de/.imaging/mte/penny/detail-md/dam/Angebote/Angebote-der-Woche/2023-28/food/33466516.png0/jcr:content/33466516.png,1 °P pro 2 Euro Warenwert,https://www.penny.de/angebote/alles-fuer-den-grillabend/cherry-romatomaten?hide=true,Keine Payback-Bedingung,"je 250-g-Schale

								(1 kg = 4.00)",Aktion,1.–,"Spanien, Marokko, Kl. I",Rathausstr. 27 69126 Heidelberg,Penny,Alles für den Grillabend,2023-07-15,10.07. - 15.07.
Zucchini Nudeln mit Garnelen,https://cdn.penny.de/.imaging/mte/penny/fullwidth-desktop-lg/dam/PENNY-erleben/Rezepte-und-Ernährung/rezepte--naturgut/Naturgut-Zucchini-Nudeln/Naturgut_04-11_desktop_Rezept_Teaser_Zucchini-Nudeln_5760x1461.jpg/jcr:content/Naturgut_04-11_desktop_Rezept_Teaser_Zucchini-Nudeln_5760x1461.jpg,Keine Payback-Punkte,https://www.penny.de/erleben/rezepte-und-ernaehrung/naturgut-zucchini-nudeln-mit-garnelen,Keine Payback-Bedingung,Keine Mengenangaben,Kein Etikett,0,Keine Produktinformation,Rathausstr. 27 69126 Heidelberg,Penny,Alles für den Grillabend,2023-07-15,10.07. - 15.07.
HELA Curry Gewürz Ketchup*,https://cdn.penny.de/.imaging/mte/penny/detail-md/dam/Angebote/Angebote-der-Woche/2023-28/food/630300.png/jcr:content/630300.png,1 °P pro 2 Euro Warenwert,https://www.penny.de/angebote/alles-fuer-den-grillabend/hela-curry-gewuerz-ketchup,Keine Payback-Bedingung,"je 800-ml-Flasche

								(1 Liter = 2.86)",-32%,2.29,Delikat oder scharf,Rathausstr. 27 69126 Heidelberg,Penny,Alles für den Grillabend,2023-07-15,10.07. - 15.07.
"COCA-COLA, FANTA* oder SPRITE*",https://cdn.penny.de/.imaging/mte/penny/detail-md/dam/Angebote/Angebote-der-Woche/2023-28/food/37512458.png/jcr:content/37512458.png,1 °P pro 2 Euro Warenwert,https://www.penny.de/angebote/alles-fuer-den-grillabend/coca-cola-fanta-oder-sprite,Keine Payback-Bedingung,"je 2-Liter-PET-Flasche

								(1 Liter = 0.56)",-41%,1.11,"COCA-COLA und FANTA nicht in allen Filialen erhältlich.

2 Liter
Erfrischungs­getränk, versch. Sorten, tw. koffeinhaltig, mit/ohne Zucker, zzgl. 0.25 Pfand",Rathausstr. 27 69126 Heidelberg,Penny,Alles für den Grillabend,2023-07-15,10.07. - 15.07.
BECK’S Pils*,https://cdn.penny.de/.imaging/mte/penny/detail-md/dam/Angebote/Angebote-der-Woche/2023-28/food/25159235.png/jcr:content/25159235.png,1 °P pro 2 Euro Warenwert,https://www.penny.de/angebote/alles-fuer-den-grillabend/becks-pils,Keine Payback-Bedingung,"je 6 x 0,5-Liter-Dose

								(1 Liter = 1.33)",Aktion,3.99,Zzgl. 1.50 Pfand,Rathausstr. 27 69126 Heidelberg,Penny,Alles für den Grillabend,2023-07-15,10.07. - 15.07.
MILKA Schokolade,https://cdn.penny.de/.imaging/mte/penny/detail-md/dam/Angebote/Angebote-der-Woche/2023-28/food/27975051.png/jcr:content/27975051.png,1 °P pro 2 Euro Warenwert,https://www.penny.de/angebote/suessigkeiten-und-snacks/milka-schokolade,Keine Payback-Bedingung,"je 270-g-Tafel

								(1 kg = 7.37)",-42%,1.99,"Alpenmilch, je 270-g-Tafel (1 kg = 7.37) oder
Schoko & Keks, je 300-g-Tafel (1 kg = 6.63)",Rathausstr. 27 69126 Heidelberg,Penny,Süßigkeiten & Snacks,2023-07-15,10.07. - 15.07.
WERTHER’S Original Caramel Bites*,https://cdn.penny.de/.imaging/mte/penny/detail-md/dam/Angebote/Angebote-der-Woche/2023-28/food/37348282.png/jcr:content/37348282.png,1 °P pro 2 Euro Warenwert,https://www.penny.de/angebote/suessigkeiten-und-snacks/werthers-original-caramel-bites,Keine Payback-Bedingung,"je 140-g-Beutel

								(1 kg = 12.79)",Aktion,1.79,Cookie oder crunchy,Rathausstr. 27 69126 Heidelberg,Penny,Süßigkeiten & Snacks,2023-07-15,10.07. - 15.07.
NESTLÉ Choco Crossies Crunchy Balls*,https://cdn.penny.de/.imaging/mte/penny/detail-md/dam/Angebote/Angebote-der-Woche/2023-28/food/31703100.png/jcr:content/31703100.png,1 °P pro 2 Euro Warenwert,https://www.penny.de/angebote/suessigkeiten-und-snacks/nestle-choco-crossies-crunchy-balls,Keine Payback-Bedingung,"je 200-g-Packung

								(1 kg = 11.45)",-32%,2.29,Vollmilch,Rathausstr. 27 69126 Heidelberg,Penny,Süßigkeiten & Snacks,2023-07-15,10.07. - 15.07.
NESTLÉ Choco Crossies Crunchy Moments*,https://cdn.penny.de/.imaging/mte/penny/detail-md/dam/Angebote/Angebote-der-Woche/2023-28/food/31703100_01.png/jcr:content/31703100_01.png,1 °P pro 2 Euro Warenwert,https://www.penny.de/angebote/suessigkeiten-und-snacks/nestle-choco-crossies-crunchy-moments,Keine Payback-Bedingung,"je 140-g-Packung

								(1 kg = 16.36)",-32%,2.29,À la Tiramisu,Rathausstr. 27 69126 Heidelberg,Penny,Süßigkeiten & Snacks,2023-07-15,10.07. - 15.07.
FOOD FOR FUTURE No Cow Bons,https://cdn.penny.de/.imaging/mte/penny/detail-md/dam/Angebote/Angebote-der-Woche/2023-28/food/35572456.png/jcr:content/35572456.png,1 °P pro 2 Euro Warenwert,https://www.penny.de/angebote/suessigkeiten-und-snacks/food-for-future-no-cow-bons,Keine Payback-Bedingung,"je 180-g-Beutel

								(1 kg = 11.06)",-20%,1.99,Keine Produktinformation,Rathausstr. 27 69126 Heidelberg,Penny,Süßigkeiten & Snacks,2023-07-15,10.07. - 15.07.
STORCK Knoppers,https://cdn.penny.de/.imaging/mte/penny/detail-md/dam/Angebote/Angebote-der-Woche/2023-28/food/3875200.png/jcr:content/3875200.png,1 °P pro 2 Euro Warenwert,https://www.penny.de/angebote/suessigkeiten-und-snacks/storck-knoppers,Keine Payback-Bedingung,"je 8 x 25-g-Packung

								(1 kg = 8.45)",-22%,1.69,Verschiedene Sorten,Rathausstr. 27 69126 Heidelberg,Penny,Süßigkeiten & Snacks,2023-07-15,10.07. - 15.07.
BALISTO Knusper-Riegel,https://cdn.penny.de/.imaging/mte/penny/detail-md/dam/Angebote/Angebote-der-Woche/2023-28/food/2673180.png/jcr:content/2673180.png,1 °P pro 2 Euro Warenwert,https://www.penny.de/angebote/suessigkeiten-und-snacks/balisto-knusper-riegel,Keine Payback-Bedingung,"je 9 x 18,5-g-Packung

								(1 kg = 10.75)",-25%,1.79,Korn Cereal,Rathausstr. 27 69126 Heidelberg,Penny,Süßigkeiten & Snacks,2023-07-15,10.07. - 15.07.
TWIX Schokoriegel,https://cdn.penny.de/.imaging/mte/penny/detail-md/dam/Angebote/Angebote-der-Woche/2023-28/food/2673180_01.png/jcr:content/2673180_01.png,1 °P pro 2 Euro Warenwert,https://www.penny.de/angebote/suessigkeiten-und-snacks/twix-schokoriegel,Keine Payback-Bedingung,"je 5 x 50-g-Packung

								(1 kg = 7.16)",-25%,1.79,Keine Produktinformation,Rathausstr. 27 69126 Heidelberg,Penny,Süßigkeiten & Snacks,2023-07-15,10.07. - 15.07.
HARIBO Fruchtgummi*,https://cdn.penny.de/.imaging/mte/penny/detail-md/dam/Angebote/Angebote-der-Woche/2023-28/food/36839491.png/jcr:content/36839491.png,1 °P pro 2 Euro Warenwert,https://www.penny.de/angebote/suessigkeiten-und-snacks/haribo-fruchtgummi,Keine Payback-Bedingung,"je 175-g-Beutel

								(1 kg = 4.51)",-27%,0.79,Verschiedene Sorten,Rathausstr. 27 69126 Heidelberg,Penny,Süßigkeiten & Snacks,2023-07-15,10.07. - 15.07.
BRANDT Hobbits*,https://cdn.penny.de/.imaging/mte/penny/detail-md/dam/Angebote/Angebote-der-Woche/2023-28/food/24413870.png/jcr:content/24413870.png,1 °P pro 2 Euro Warenwert,https://www.penny.de/angebote/suessigkeiten-und-snacks/brandt-hobbits,Keine Payback-Bedingung,"je 250-g-Packung

								(1 kg = 3.96)",Aktion,0.99,Kernig,Rathausstr. 27 69126 Heidelberg,Penny,Süßigkeiten & Snacks,2023-07-15,10.07. - 15.07.
LORENZ Clubs Party Cracker*,https://cdn.penny.de/.imaging/mte/penny/detail-md/dam/Angebote/Angebote-der-Woche/2023-28/food/3128770.png/jcr:content/3128770.png,1 °P pro 2 Euro Warenwert,https://www.penny.de/angebote/suessigkeiten-und-snacks/lorenz-clubs-party-cracker,Keine Payback-Bedingung,"je 200-g-Packung

								(1 kg = 5.95)",-33%,1.19,Keine Produktinformation,Rathausstr. 27 69126 Heidelberg,Penny,Süßigkeiten & Snacks,2023-07-15,10.07. - 15.07.
MARYLAND Snacknüsse*,https://cdn.penny.de/.imaging/mte/penny/detail-md/dam/Angebote/Angebote-der-Woche/2023-28/food/39805689.png/jcr:content/39805689.png,1 °P pro 2 Euro Warenwert,https://www.penny.de/angebote/suessigkeiten-und-snacks/maryland-snacknuesse,Keine Payback-Bedingung,"je 150-g-Packung

								(1 kg = 11.93)",Aktion,1.79,Versch. Sorten,Rathausstr. 27 69126 Heidelberg,Penny,Süßigkeiten & Snacks,2023-07-15,10.07. - 15.07.
DAN CAKE Mini Cake,https://cdn.penny.de/.imaging/mte/penny/detail-md/dam/Angebote/Angebote-der-Woche/2023-28/food/KW28_Dan_Cake.png/jcr:content/KW28_Dan_Cake.png,1 °P pro 2 Euro Warenwert,https://www.penny.de/angebote/suessigkeiten-und-snacks/dan-cake-mini-cake,Keine Payback-Bedingung,"Preis mit Coupon: 1.29 €, Preis ohne Coupon: 1.79 €, je 240g-Packung",App Coupon,1.29*,"Gültig vom 10.7.2023 bis 15.7.2023
• Verschiedene Sorten
• Preis mit Coupon: 1.29 €
• Preis ohne Coupon: 1.79 €
• Je 240g-Packung
• Grundpreis mit App Coupon: 1kg = 5.38 €
• Grundpreis ohne App Coupon: 1kg = 7.46 €",Rathausstr. 27 69126 Heidelberg,Penny,Süßigkeiten & Snacks,2023-07-15,10.07. - 15.07.
CHIO Tortillas,https://cdn.penny.de/.imaging/mte/penny/detail-md/dam/Angebote/Angebote-der-Woche/2023-28/food/KW28_Chio.png/jcr:content/KW28_Chio.png,1 °P pro 2 Euro Warenwert,https://www.penny.de/angebote/suessigkeiten-und-snacks/chio-tortillas,Keine Payback-Bedingung,"Preis mit Coupon: 1.29 €, Preis ohne Coupon: 1.89 €, je 110g-Packung",App Coupon,1.29*,"Gültig vom 10.7.2023 bis 15.7.2023
• Verschiedene Sorten
• Preis mit Coupon: 1.29 €
• Preis ohne Coupon: 1.89 €
• Je 110g-Packung
• Grundpreis mit App Coupon: 1kg = 11.73 €
• Grundpreis ohne App Coupon: 1kg = 17.18 €",Rathausstr. 27 69126 Heidelberg,Penny,Süßigkeiten & Snacks,2023-07-15,10.07. - 15.07.
Frische Hähnchenunterschenkel*,https://cdn.penny.de/.imaging/mte/penny/detail-md/dam/Angebote/Angebote-der-Woche/2023-28/food/27869036_01.png/jcr:content/27869036_01.png,1 °P pro 2 Euro Warenwert,https://www.penny.de/angebote/fleisch-und-wurst/frische-haehnchenunterschenkel,Keine Payback-Bedingung,je 1.000-g-Packung,Aktion,3.99,Keine Produktinformation,Rathausstr. 27 69126 Heidelberg,Penny,Fleisch und Wurst,2023-07-15,10.07. - 15.07.
BUTCHER’S Beef Burger Patties,https://cdn.penny.de/.imaging/mte/penny/detail-md/dam/Angebote/Angebote-der-Woche/2023-28/food/26246567.png/jcr:content/26246567.png,1 °P pro 2 Euro Warenwert,https://www.penny.de/angebote/fleisch-und-wurst/butchers-beef-burger-patties?hide=true,Keine Payback-Bedingung,"je 250-g-Packung

								(1 kg = 9.96)",Aktion,2.49,"Classic, 2 Stück",Rathausstr. 27 69126 Heidelberg,Penny,Fleisch und Wurst,2023-07-15,10.07. - 15.07.
Classic Burger,https://cdn.penny.de/.imaging/mte/penny/fullwidth-desktop-lg/dam/PENNY-erleben/Rezepte-und-Ernährung/rezepte--butchers/Butchers-Hamburger-Klassisch/Butchers_Classicburger_Intro_desktop.jpg/jcr:content/Butchers_Classicburger_Intro_desktop.jpg,Keine Payback-Punkte,https://www.penny.de/erleben/rezepte-und-ernaehrung/butchers-classic-burger,Keine Payback-Bedingung,Keine Mengenangaben,Kein Etikett,0,Keine Produktinformation,Rathausstr. 27 69126 Heidelberg,Penny,Fleisch und Wurst,2023-07-15,10.07. - 15.07.
TULIP Grillhaxe mit Schwarte*,https://cdn.penny.de/.imaging/mte/penny/detail-md/dam/Angebote/Angebote-der-Woche/2023-28/food/36722096.png/jcr:content/36722096.png,1 °P pro 2 Euro Warenwert,https://www.penny.de/angebote/fleisch-und-wurst/tulip-grillhaxe-mit-schwarte,Keine Payback-Bedingung,"je 600-g-Packung

								(1 kg = 7.40)",Aktion,4.44,Keine Produktinformation,Rathausstr. 27 69126 Heidelberg,Penny,Fleisch und Wurst,2023-07-15,10.07. - 15.07.
PENNY XXL Bockwurst*,https://cdn.penny.de/.imaging/mte/penny/detail-md/dam/Angebote/Angebote-der-Woche/2023-28/food/36724961.png/jcr:content/36724961.png,1 °P pro 2 Euro Warenwert,https://www.penny.de/angebote/fleisch-und-wurst/penny-xxl-bockwurst,Keine Payback-Bedingung,"je 800-g-Packung

								(1 kg = 5.55)",Aktion,4.44,Keine Produktinformation,Rathausstr. 27 69126 Heidelberg,Penny,Fleisch und Wurst,2023-07-15,10.07. - 15.07.
FERDI FUCHS Mini Würstchen*,https://cdn.penny.de/.imaging/mte/penny/detail-md/dam/Angebote/Angebote-der-Woche/2023-28/food/9229810.png/jcr:content/9229810.png,1 °P pro 2 Euro Warenwert,https://www.penny.de/angebote/fleisch-und-wurst/ferdi-fuchs-mini-wuerstchen,Keine Payback-Bedingung,"je 10 x 25-g-Packung

								(1 kg = 8.76)",Aktion,2.19,Klassisch oder Geflügel,Rathausstr. 27 69126 Heidelberg,Penny,Fleisch und Wurst,2023-07-15,10.07. - 15.07.
BERGER Krusten- oder Gewürzbraten*,https://cdn.penny.de/.imaging/mte/penny/detail-md/dam/Angebote/Angebote-der-Woche/2023-28/food/28260030.png/jcr:content/28260030.png,1 °P pro 2 Euro Warenwert,https://www.penny.de/angebote/fleisch-und-wurst/berger-krusten-oder-gewuerzbraten,Keine Payback-Bedingung,"je 80-g-Packung

								(1 kg = 18.63)",Aktion,1.49,Keine Produktinformation,Rathausstr. 27 69126 Heidelberg,Penny,Fleisch und Wurst,2023-07-15,10.07. - 15.07.
PICK Pickstick*,https://cdn.penny.de/.imaging/mte/penny/detail-md/dam/Angebote/Angebote-der-Woche/2023-28/food/24706693.png/jcr:content/24706693.png,1 °P pro 2 Euro Warenwert,https://www.penny.de/angebote/fleisch-und-wurst/pick-pickstick,Keine Payback-Bedingung,"je 60-g-Packung

								(1 kg = 18.50)",Aktion,1.11,Verschiedene Sorten,Rathausstr. 27 69126 Heidelberg,Penny,Fleisch und Wurst,2023-07-15,10.07. - 15.07.
WIESENHOF Mortadella oder Jagdwurst,https://cdn.penny.de/.imaging/mte/penny/detail-md/dam/Angebote/Angebote-der-Woche/2023-28/food/KW28_Wiesenhof.png/jcr:content/KW28_Wiesenhof.png,1 °P pro 2 Euro Warenwert,https://www.penny.de/angebote/fleisch-und-wurst/wiesenhof-mortadella-oder-jagdwurst,Keine Payback-Bedingung,"Preis mit Coupon: 1.29 €, Preis ohne Coupon: 1.49 €, je 100g-Packung",App Coupon,1.29*,"Gültig vom 10.7.2023 bis 15.7.2023
• Verschiedene Sorten
• Preis mit Coupon: 1.29 €
• Preis ohne Coupon: 1.49 €
• Je 100g-Packung
• Grundpreis mit App Coupon: 1kg = 12.90 €
• Grundpreis ohne App Coupon: 1kg = 14.90 €",Rathausstr. 27 69126 Heidelberg,Penny,Fleisch und Wurst,2023-07-15,10.07. - 15.07.
BARILLA Pesto,https://cdn.penny.de/.imaging/mte/penny/detail-md/dam/Angebote/Angebote-der-Woche/2023-28/food/39282171.png/jcr:content/39282171.png,1 °P pro 2 Euro Warenwert,https://www.penny.de/angebote/weitere-angebote/barilla-pesto,Keine Payback-Bedingung,"je 190-g-Glas

								(1 kg = 10.47)",-47%,1.99,Versch. Sorten,Rathausstr. 27 69126 Heidelberg,Penny,Weitere Angebote,2023-07-15,10.07. - 15.07.
Gewinne besondere Sommer-Momente mit Pesto Barilla.,https://cdn.penny.de/.imaging/mte/penny/fullwidth-desktop-lg/dam/PENNY-erleben/Aktionen/barilla/Page-Intro/220619_Barilla_Page-Intro-L-desktop_V1-1.jpg/jcr:content/220619_Barilla_Page-Intro-L-desktop_V1-1.jpg,Keine Payback-Punkte,https://www.penny.de/erleben/aktionen/barilla,Keine Payback-Bedingung,Keine Mengenangaben,Kein Etikett,0,Keine Produktinformation,Rathausstr. 27 69126 Heidelberg,Penny,Weitere Angebote,2023-07-15,10.07. - 15.07.
BARILLA Pastasauce,https://cdn.penny.de/.imaging/mte/penny/detail-md/dam/Angebote/Angebote-der-Woche/2023-28/food/1635910.png/jcr:content/1635910.png,1 °P pro 2 Euro Warenwert,https://www.penny.de/angebote/weitere-angebote/barilla-pastasauce,Keine Payback-Bedingung,"je 400-g-Glas

								(1 kg = 3.98)",-50%,1.59,Verschiedene Sorten,Rathausstr. 27 69126 Heidelberg,Penny,Weitere Angebote,2023-07-15,10.07. - 15.07.
BARILLA Teigwaren*,https://cdn.penny.de/.imaging/mte/penny/detail-md/dam/Angebote/Angebote-der-Woche/2023-28/food/26362980.png/jcr:content/26362980.png,1 °P pro 2 Euro Warenwert,https://www.penny.de/angebote/weitere-angebote/barilla-teigwaren,Keine Payback-Bedingung,je 1.000-g-Packung,-58%,1.89,Verschiedene Sorten,Rathausstr. 27 69126 Heidelberg,Penny,Weitere Angebote,2023-07-15,10.07. - 15.07.
KNORR Pasta Snack*,https://cdn.penny.de/.imaging/mte/penny/detail-md/dam/Angebote/Angebote-der-Woche/2023-28/food/31503627.png/jcr:content/31503627.png,1 °P pro 2 Euro Warenwert,https://www.penny.de/angebote/weitere-angebote/knorr-pasta-snack,Keine Payback-Bedingung,"je 68-g-Becher

								(1 kg = 11.62)",-46%,0.79,Arrabiata,Rathausstr. 27 69126 Heidelberg,Penny,Weitere Angebote,2023-07-15,10.07. - 15.07.
DU DARFST Fertiggericht*,https://cdn.penny.de/.imaging/mte/penny/detail-md/dam/Angebote/Angebote-der-Woche/2023-28/food/22844261.png/jcr:content/22844261.png,1 °P pro 2 Euro Warenwert,https://www.penny.de/angebote/weitere-angebote/du-darfst-fertiggericht,Keine Payback-Bedingung,"je 400-g-Schale

								(1 kg = 5.73)",-23%,2.29,"Puten-Geschnetzeltes, je 400-g-Schale (1 kg = 5.73) oder
Entenfleisch, je 400-g-Packung (1 kg = 5.73)",Rathausstr. 27 69126 Heidelberg,Penny,Weitere Angebote,2023-07-15,10.07. - 15.07.
BAD REICHENHALLER Alpen Salz*,https://cdn.penny.de/.imaging/mte/penny/detail-md/dam/Angebote/Angebote-der-Woche/2023-28/food/39295579.png/jcr:content/39295579.png,1 °P pro 2 Euro Warenwert,https://www.penny.de/angebote/weitere-angebote/bad-reichenhaller-alpen-salz,Keine Payback-Bedingung,je 1-kg-Packung,Aktion,0.99,Vorratspackung,Rathausstr. 27 69126 Heidelberg,Penny,Weitere Angebote,2023-07-15,10.07. - 15.07.
LEIMER Croutons*,https://cdn.penny.de/.imaging/mte/penny/detail-md/dam/Angebote/Angebote-der-Woche/2023-28/food/2168630.png/jcr:content/2168630.png,1 °P pro 2 Euro Warenwert,https://www.penny.de/angebote/weitere-angebote/leimer-croutons,Keine Payback-Bedingung,"je 100-g-Packung

								(1 kg = 8.80)",-40%,0.88,Verschiedene Sorten,Rathausstr. 27 69126 Heidelberg,Penny,Weitere Angebote,2023-07-15,10.07. - 15.07.
KÖLLN Hafermüsli*,https://cdn.penny.de/.imaging/mte/penny/detail-md/dam/Angebote/Angebote-der-Woche/2023-28/food/23254920.png/jcr:content/23254920.png,1 °P pro 2 Euro Warenwert,https://www.penny.de/angebote/weitere-angebote/koelln-hafermuesli,Keine Payback-Bedingung,"je 2.000-g-Packung

								(1 kg = 3.25)",Aktion,6.49,"Vorratspack
Schoko, 30% weniger Zucker oder Original",Rathausstr. 27 69126 Heidelberg,Penny,Weitere Angebote,2023-07-15,10.07. - 15.07.
GRAFSCHAFTER Lütticher Delikatesse*,https://cdn.penny.de/.imaging/mte/penny/detail-md/dam/Angebote/Angebote-der-Woche/2023-28/food/23715539.png/jcr:content/23715539.png,1 °P pro 2 Euro Warenwert,https://www.penny.de/angebote/weitere-angebote/grafschafter-luetticher-delikatesse,Keine Payback-Bedingung,"je 300-g-Becher

								(1 kg = 4.30)",Aktion,1.29,Keine Produktinformation,Rathausstr. 27 69126 Heidelberg,Penny,Weitere Angebote,2023-07-15,10.07. - 15.07.
GRAFSCHAFTER Goldsaft  Zuckerrübensirup,https://cdn.penny.de/.imaging/mte/penny/detail-md/dam/Angebote/Angebote-der-Woche/2023-28/food/23715539_01.png/jcr:content/23715539_01.png,1 °P pro 2 Euro Warenwert,https://www.penny.de/angebote/weitere-angebote/grafschafter-goldsaft-zuckerruebensirup,Keine Payback-Bedingung,"je 450-g-Becher

								(1 kg = 2.87)",Preisknaller,1.29,Keine Produktinformation,Rathausstr. 27 69126 Heidelberg,Penny,Weitere Angebote,2023-07-15,10.07. - 15.07.
BONNE MAMAN Haselnuss & Kakao Creme*,https://cdn.penny.de/.imaging/mte/penny/detail-md/dam/Angebote/Angebote-der-Woche/2023-28/food/38860798.png/jcr:content/38860798.png,1 °P pro 2 Euro Warenwert,https://www.penny.de/angebote/weitere-angebote/bonne-maman-haselnuss--kakao-creme,Keine Payback-Bedingung,"je 360-g-Glas

								(1 kg = 11.08)",-14%,3.99,Keine Produktinformation,Rathausstr. 27 69126 Heidelberg,Penny,Weitere Angebote,2023-07-15,10.07. - 15.07.
JACOBS Tassimo,https://cdn.penny.de/.imaging/mte/penny/detail-md/dam/Angebote/Angebote-der-Woche/2023-28/food/24313666.png/jcr:content/24313666.png,1 °P pro 2 Euro Warenwert,https://www.penny.de/angebote/weitere-angebote/jacobs-tassimo,Keine Payback-Bedingung,"je 264-g-Packung

								(1 kg = 15.11)",-33%,3.99,"Die °Punktegutschrift kann nur in der angebotenen Kategorie und pro verkaufte Einzelpackung geltend gemacht werden. Angebote sind bis zum 15.07.2023 gültig. (Mobile) PAYBACK Karte an der Kasse vor­zeigen. Alle Abbildungen beispielhaft.

Latte macchiato, je 264-g-Packung (1 kg = 15.11) oder
Krönung XL, je 144-g-Packung (1 kg = 27.71)",Rathausstr. 27 69126 Heidelberg,Penny,Weitere Angebote,2023-07-15,10.07. - 15.07.
LAVAZZA Caffè Crema,https://cdn.penny.de/.imaging/mte/penny/detail-md/dam/Angebote/Angebote-der-Woche/2023-28/food/26263099.png/jcr:content/26263099.png,1 °P pro 2 Euro Warenwert,https://www.penny.de/angebote/weitere-angebote/lavazza-caffe-crema,Keine Payback-Bedingung,je 1.000-g-Packung,-37%,9.99,"Verschiedene Sorten, ganze Bohnen, ideal für Kaffeevollautomaten",Rathausstr. 27 69126 Heidelberg,Penny,Weitere Angebote,2023-07-15,10.07. - 15.07.
BONDUELLE Goldmais oder Goldmais Mexico Mix,https://cdn.penny.de/.imaging/mte/penny/detail-md/dam/Angebote/Angebote-der-Woche/2023-28/food/KW28_Bonduelle.png/jcr:content/KW28_Bonduelle.png,1 °P pro 2 Euro Warenwert,https://www.penny.de/angebote/weitere-angebote/bonduelle-goldmais-oder-goldmais-mexico-mix,Keine Payback-Bedingung,"Preis mit Coupon: 1.29 €, Preis ohne Coupon: 1.69 €, je 300g-Dose",App Coupon,1.29*,"Gültig vom 10.7.2023 bis 15.7.2023
BONDUELLE Goldmais
• Preis mit Coupon: 1.29 €
• Preis ohne Coupon: 1.69 €
• Je 300g-Dose
• Abtropfgewicht = 285g
• Grundpreis mit App Coupon: 1kg = 4.53 €
• Grundpreis ohne App Coupon: 1kg = 5.93 €
BONDUELLE Goldmais Mexico Mix
• Preis mit Coupon: 1.29 €
• Preis ohne Coupon: 1.69 €
• Je 300g–Dose
• Abtropfgewicht = 265g
• Grundpreis mit App Coupon: 1kg = 4.87 €
• Grundpreis ohne App Coupon: 1kg = 6.38 €",Rathausstr. 27 69126 Heidelberg,Penny,Weitere Angebote,2023-07-15,10.07. - 15.07.
SENSODYNE Zahncreme*,https://cdn.penny.de/.imaging/mte/penny/detail-md/dam/Angebote/Angebote-der-Woche/2023-28/food/27782784.png/jcr:content/27782784.png,1 °P pro 2 Euro Warenwert,https://www.penny.de/angebote/drogerie-und-haushalt/sensodyne-zahncreme,Keine Payback-Bedingung,"je 3 x 75-ml-Tube

								(1 Liter = 22.18)",Aktion,4.99,Extra-Frisch oder Fluorid,Rathausstr. 27 69126 Heidelberg,Penny,Drogerie & Haushalt,2023-07-15,10.07. - 15.07.
SPA SECRETS Bodycream*,https://cdn.penny.de/.imaging/mte/penny/detail-md/dam/Angebote/Angebote-der-Woche/2023-28/food/38529529.png/jcr:content/38529529.png,1 °P pro 2 Euro Warenwert,https://www.penny.de/angebote/drogerie-und-haushalt/spa-secrets-bodycream,Keine Payback-Bedingung,"je 250-ml-Tiegel

								(1 Liter = 9.96)",Aktion,2.49,Balance oder Purity,Rathausstr. 27 69126 Heidelberg,Penny,Drogerie & Haushalt,2023-07-15,10.07. - 15.07.
AXE Duschgel*,https://cdn.penny.de/.imaging/mte/penny/detail-md/dam/Angebote/Angebote-der-Woche/2023-28/food/24967462.png/jcr:content/24967462.png,1 °P pro 2 Euro Warenwert,https://www.penny.de/angebote/drogerie-und-haushalt/axe-duschgel,Keine Payback-Bedingung,"je 400-ml-Flasche

								(1 Liter = 8.23)",Aktion,3.29,Verschiedene Sorten,Rathausstr. 27 69126 Heidelberg,Penny,Drogerie & Haushalt,2023-07-15,10.07. - 15.07.
AXE Bodyspray*,https://cdn.penny.de/.imaging/mte/penny/detail-md/dam/Angebote/Angebote-der-Woche/2023-28/food/24967462_01.png/jcr:content/24967462_01.png,1 °P pro 2 Euro Warenwert,https://www.penny.de/angebote/drogerie-und-haushalt/axe-bodyspray,Keine Payback-Bedingung,"je 250-ml-Dose 

								(1 Liter = 17.16)",Aktion,4.29,Verschiedene Sorten,Rathausstr. 27 69126 Heidelberg,Penny,Drogerie & Haushalt,2023-07-15,10.07. - 15.07.
NEUTROGENA Lotion*,https://cdn.penny.de/.imaging/mte/penny/detail-md/dam/Angebote/Angebote-der-Woche/2023-28/food/21278580.png/jcr:content/21278580.png,1 °P pro 2 Euro Warenwert,https://www.penny.de/angebote/drogerie-und-haushalt/neutrogena-lotion,Keine Payback-Bedingung,"je 400-ml-Flasche

								(1 Liter = 9.98)",Aktion,3.99,für trockene Haut,Rathausstr. 27 69126 Heidelberg,Penny,Drogerie & Haushalt,2023-07-15,10.07. - 15.07.
NEUTROGENA Hand- und  Nagelcreme*,https://cdn.penny.de/.imaging/mte/penny/detail-md/dam/Angebote/Angebote-der-Woche/2023-28/food/21278580_01.png/jcr:content/21278580_01.png,1 °P pro 2 Euro Warenwert,https://www.penny.de/angebote/drogerie-und-haushalt/neutrogena-hand-und-nagelcreme,Keine Payback-Bedingung,"je 150-ml-Flasche

								(1 Liter = 26.60)",Aktion,3.99,,Rathausstr. 27 69126 Heidelberg,Penny,Drogerie & Haushalt,2023-07-15,10.07. - 15.07.
SOFTLAN Weichspüler Windfrisch 45WL,https://cdn.penny.de/.imaging/mte/penny/detail-md/dam/Angebote/Angebote-der-Woche/2023-28/food/KW28_Softlan.png/jcr:content/KW28_Softlan.png,1 °P pro 2 Euro Warenwert,https://www.penny.de/angebote/drogerie-und-haushalt/softlan-weichspueler-windfrisch-45wl,Keine Payback-Bedingung,"Preis mit Coupon: 1.29 €, Preis ohne Coupon: 1.99 €, je 1l-Flasche",App Coupon,1.29*,"Gültig vom 10.7.2023 bis 15.7.2023
• Preis mit Coupon: 1.29 €
• Preis ohne Coupon: 1.99 €
• Je 1l-Flasche",Rathausstr. 27 69126 Heidelberg,Penny,Drogerie & Haushalt,2023-07-15,10.07. - 15.07.
